country,study_id,age_low,age_high,region,gender,n_tested,n_positive,seroprevalence_unadjusted,range_sero_low,range_sero_high,seroprevalence_weighted,matching_deaths_data,date_start_survey,date_end_survey,age_breakdown,gender_breakdown,for_regional_analysis,ref,notes,,
Spain,ESP1,0,999,all,both,60897,,0.05,,,,ecdc,27/04/2020,11/05/2020,0,0,0,"https://www.mscbs.gob.es/ciudadanos/ene-covid/home.htm, accessed 31/05/2020",,,
Spain,ESP1,0,1,all,both,268,,0.011,,,,deaths.csv,27/04/2020,11/05/2020,1,0,0,"https://www.mscbs.gob.es/ciudadanos/ene-covid/home.htm, accessed 31/05/2020",,,
Spain,ESP1,1,5,all,both,1693,,0.022,,,,deaths.csv,27/04/2020,11/05/2020,1,0,0,"https://www.mscbs.gob.es/ciudadanos/ene-covid/home.htm, accessed 31/05/2020",,,
Spain,ESP1,5,10,all,both,2857,,0.03,,,,deaths.csv,27/04/2020,11/05/2020,1,0,0,"https://www.mscbs.gob.es/ciudadanos/ene-covid/home.htm, accessed 31/05/2020",,,
Spain,ESP1,10,15,all,both,3425,,0.039,,,,deaths.csv,27/04/2020,11/05/2020,1,0,0,"https://www.mscbs.gob.es/ciudadanos/ene-covid/home.htm, accessed 31/05/2020",,,
Spain,ESP1,15,20,all,both,3221,,0.038,,,,deaths.csv,27/04/2020,11/05/2020,1,0,0,"https://www.mscbs.gob.es/ciudadanos/ene-covid/home.htm, accessed 31/05/2020",,,
Spain,ESP1,20,25,all,both,2805,,0.045,,,,deaths.csv,27/04/2020,11/05/2020,1,0,0,"https://www.mscbs.gob.es/ciudadanos/ene-covid/home.htm, accessed 31/05/2020",,,
Spain,ESP1,25,30,all,both,2606,,0.048,,,,deaths.csv,27/04/2020,11/05/2020,1,0,0,"https://www.mscbs.gob.es/ciudadanos/ene-covid/home.htm, accessed 31/05/2020",,,
Spain,ESP1,30,35,all,both,3050,,0.038,,,,deaths.csv,27/04/2020,11/05/2020,1,0,0,"https://www.mscbs.gob.es/ciudadanos/ene-covid/home.htm, accessed 31/05/2020",,,
Spain,ESP1,35,40,all,both,4000,,0.046,,,,deaths.csv,27/04/2020,11/05/2020,1,0,0,"https://www.mscbs.gob.es/ciudadanos/ene-covid/home.htm, accessed 31/05/2020",,,
Spain,ESP1,40,45,all,both,5174,,0.053,,,,deaths.csv,27/04/2020,11/05/2020,1,0,0,"https://www.mscbs.gob.es/ciudadanos/ene-covid/home.htm, accessed 31/05/2020",,,
Spain,ESP1,45,50,all,both,5330,,0.057,,,,deaths.csv,27/04/2020,11/05/2020,1,0,0,"https://www.mscbs.gob.es/ciudadanos/ene-covid/home.htm, accessed 31/05/2020",,,
Spain,ESP1,50,55,all,both,5263,,0.058,,,,deaths.csv,27/04/2020,11/05/2020,1,0,0,"https://www.mscbs.gob.es/ciudadanos/ene-covid/home.htm, accessed 31/05/2020",,,
Spain,ESP1,55,60,all,both,5187,,0.061,,,,deaths.csv,27/04/2020,11/05/2020,1,0,0,"https://www.mscbs.gob.es/ciudadanos/ene-covid/home.htm, accessed 31/05/2020",,,
Spain,ESP1,60,65,all,both,4560,,0.059,,,,deaths.csv,27/04/2020,11/05/2020,1,0,0,"https://www.mscbs.gob.es/ciudadanos/ene-covid/home.htm, accessed 31/05/2020",,,
Spain,ESP1,65,70,all,both,3568,,0.062,,,,deaths.csv,27/04/2020,11/05/2020,1,0,0,"https://www.mscbs.gob.es/ciudadanos/ene-covid/home.htm, accessed 31/05/2020",,,
Spain,ESP1,70,75,all,both,2931,,0.069,,,,deaths.csv,27/04/2020,11/05/2020,1,0,0,"https://www.mscbs.gob.es/ciudadanos/ene-covid/home.htm, accessed 31/05/2020",,,
Spain,ESP1,75,80,all,both,2161,,0.061,,,,deaths.csv,27/04/2020,11/05/2020,1,0,0,"https://www.mscbs.gob.es/ciudadanos/ene-covid/home.htm, accessed 31/05/2020",,,
Spain,ESP1,80,85,all,both,1410,,0.051,,,,deaths.csv,27/04/2020,11/05/2020,1,0,0,"https://www.mscbs.gob.es/ciudadanos/ene-covid/home.htm, accessed 31/05/2020",,,
Spain,ESP1,85,90,all,both,968,,0.056,,,,deaths.csv,27/04/2020,11/05/2020,1,0,0,"https://www.mscbs.gob.es/ciudadanos/ene-covid/home.htm, accessed 31/05/2020",,,
Spain,ESP1,90,999,all,both,420,,0.058,,,,deaths.csv,27/04/2020,11/05/2020,1,0,0,"https://www.mscbs.gob.es/ciudadanos/ene-covid/home.htm, accessed 31/05/2020",,,
Spain,ESP1,0,999,Andalucia,both,9726,,0.027,,,,deaths.csv,27/04/2020,11/05/2020,0,0,1,"https://www.mscbs.gob.es/ciudadanos/ene-covid/home.htm, accessed 31/05/2020",,,
Spain,ESP1,0,999,Aragon,both,2748,,0.049,,,,deaths.csv,27/04/2020,11/05/2020,0,0,1,"https://www.mscbs.gob.es/ciudadanos/ene-covid/home.htm, accessed 31/05/2020",,,
Spain,ESP1,0,999,Asturias,both,1545,,0.018,,,,deaths.csv,27/04/2020,11/05/2020,0,0,1,"https://www.mscbs.gob.es/ciudadanos/ene-covid/home.htm, accessed 31/05/2020",,,
Spain,ESP1,0,999,Baleares,both,1356,,0.024,,,,deaths.csv,27/04/2020,11/05/2020,0,0,1,"https://www.mscbs.gob.es/ciudadanos/ene-covid/home.htm, accessed 31/05/2020",,,
Spain,ESP1,0,999,Canarias,both,2324,,0.018,,,,deaths.csv,27/04/2020,11/05/2020,0,0,1,"https://www.mscbs.gob.es/ciudadanos/ene-covid/home.htm, accessed 31/05/2020",,,
Spain,ESP1,0,999,Cantabria,both,1504,,0.032,,,,deaths.csv,27/04/2020,11/05/2020,0,0,1,"https://www.mscbs.gob.es/ciudadanos/ene-covid/home.htm, accessed 31/05/2020",,,
Spain,ESP1,0,999,Castilla y Leon,both,6949,,0.072,,,,deaths.csv,27/04/2020,11/05/2020,0,0,1,"https://www.mscbs.gob.es/ciudadanos/ene-covid/home.htm, accessed 31/05/2020",,,
Spain,ESP1,0,999,Castilla La Mancha,both,5066,,0.108,,,,deaths.csv,27/04/2020,11/05/2020,0,0,1,"https://www.mscbs.gob.es/ciudadanos/ene-covid/home.htm, accessed 31/05/2020",,,
Spain,ESP1,0,999,Cataluna,both,6318,,0.059,,,,deaths.csv,27/04/2020,11/05/2020,0,0,1,"https://www.mscbs.gob.es/ciudadanos/ene-covid/home.htm, accessed 31/05/2020",,,
Spain,ESP1,0,999,C Valenciana,both,4286,,0.025,,,,deaths.csv,27/04/2020,11/05/2020,0,0,1,"https://www.mscbs.gob.es/ciudadanos/ene-covid/home.htm, accessed 31/05/2020",,,
Spain,ESP1,0,999,Extremadura,both,2787,,0.03,,,,deaths.csv,27/04/2020,11/05/2020,0,0,1,"https://www.mscbs.gob.es/ciudadanos/ene-covid/home.htm, accessed 31/05/2020",,,
Spain,ESP1,0,999,Galicia,both,4070,,0.021,,,,deaths.csv,27/04/2020,11/05/2020,0,0,1,"https://www.mscbs.gob.es/ciudadanos/ene-covid/home.htm, accessed 31/05/2020",,,
Spain,ESP1,0,999,Madrid,both,3185,,0.113,,,,deaths.csv,27/04/2020,11/05/2020,0,0,1,"https://www.mscbs.gob.es/ciudadanos/ene-covid/home.htm, accessed 31/05/2020",,,
Spain,ESP1,0,999,Murcia,both,1387,,0.014,,,,deaths.csv,27/04/2020,11/05/2020,0,0,1,"https://www.mscbs.gob.es/ciudadanos/ene-covid/home.htm, accessed 31/05/2020",,,
Spain,ESP1,0,999,Navarra,both,1737,,0.058,,,,deaths.csv,27/04/2020,11/05/2020,0,0,1,"https://www.mscbs.gob.es/ciudadanos/ene-covid/home.htm, accessed 31/05/2020",,,
Spain,ESP1,0,999,Pais Vasco,both,2830,,0.04,,,,deaths.csv,27/04/2020,11/05/2020,0,0,1,"https://www.mscbs.gob.es/ciudadanos/ene-covid/home.htm, accessed 31/05/2020",,,
Spain,ESP1,0,999,La Rioja,both,1323,,0.033,,,,deaths.csv,27/04/2020,11/05/2020,0,0,1,"https://www.mscbs.gob.es/ciudadanos/ene-covid/home.htm, accessed 31/05/2020",,,
Spain,ESP1,0,999,Ceuta,both,829,,0.011,,,,deaths.csv,27/04/2020,11/05/2020,0,0,0,"https://www.mscbs.gob.es/ciudadanos/ene-covid/home.htm, accessed 31/05/2020",,,
Spain,ESP1,0,999,Melilla,both,927,,0.019,,,,deaths.csv,27/04/2020,11/05/2020,0,0,0,"https://www.mscbs.gob.es/ciudadanos/ene-covid/home.htm, accessed 31/05/2020",,,
Spain,ESP1,0,999,Andalucia,male,4607,,0.027,,,,deaths.csv,27/04/2020,11/05/2020,0,1,0,"https://www.mscbs.gob.es/ciudadanos/ene-covid/home.htm, accessed 31/05/2020",,,
Spain,ESP1,0,999,Aragon,male,1322,,0.051,,,,deaths.csv,27/04/2020,11/05/2020,0,1,0,"https://www.mscbs.gob.es/ciudadanos/ene-covid/home.htm, accessed 31/05/2020",,,
Spain,ESP1,0,999,Asturias,male,713,,0.019,,,,deaths.csv,27/04/2020,11/05/2020,0,1,0,"https://www.mscbs.gob.es/ciudadanos/ene-covid/home.htm, accessed 31/05/2020",,,
Spain,ESP1,0,999,Baleares,male,653,,0.019,,,,deaths.csv,27/04/2020,11/05/2020,0,1,0,"https://www.mscbs.gob.es/ciudadanos/ene-covid/home.htm, accessed 31/05/2020",,,
Spain,ESP1,0,999,Canarias,male,1077,,0.02,,,,deaths.csv,27/04/2020,11/05/2020,0,1,0,"https://www.mscbs.gob.es/ciudadanos/ene-covid/home.htm, accessed 31/05/2020",,,
Spain,ESP1,0,999,Cantabria,male,731,,0.023,,,,deaths.csv,27/04/2020,11/05/2020,0,1,0,"https://www.mscbs.gob.es/ciudadanos/ene-covid/home.htm, accessed 31/05/2020",,,
Spain,ESP1,0,999,Castilla y Leon,male,3389,,0.066,,,,deaths.csv,27/04/2020,11/05/2020,0,1,0,"https://www.mscbs.gob.es/ciudadanos/ene-covid/home.htm, accessed 31/05/2020",,,
Spain,ESP1,0,999,Castilla La Mancha,male,2485,,0.099,,,,deaths.csv,27/04/2020,11/05/2020,0,1,0,"https://www.mscbs.gob.es/ciudadanos/ene-covid/home.htm, accessed 31/05/2020",,,
Spain,ESP1,0,999,Cataluna,male,3018,,0.06,,,,deaths.csv,27/04/2020,11/05/2020,0,1,0,"https://www.mscbs.gob.es/ciudadanos/ene-covid/home.htm, accessed 31/05/2020",,,
Spain,ESP1,0,999,C Valenciana,male,2064,,0.028,,,,deaths.csv,27/04/2020,11/05/2020,0,1,0,"https://www.mscbs.gob.es/ciudadanos/ene-covid/home.htm, accessed 31/05/2020",,,
Spain,ESP1,0,999,Extremadura,male,1389,,0.028,,,,deaths.csv,27/04/2020,11/05/2020,0,1,0,"https://www.mscbs.gob.es/ciudadanos/ene-covid/home.htm, accessed 31/05/2020",,,
Spain,ESP1,0,999,Galicia,male,1902,,0.021,,,,deaths.csv,27/04/2020,11/05/2020,0,1,0,"https://www.mscbs.gob.es/ciudadanos/ene-covid/home.htm, accessed 31/05/2020",,,
Spain,ESP1,0,999,Madrid,male,1547,,0.113,,,,deaths.csv,27/04/2020,11/05/2020,0,1,0,"https://www.mscbs.gob.es/ciudadanos/ene-covid/home.htm, accessed 31/05/2020",,,
Spain,ESP1,0,999,Murcia,male,651,,0.013,,,,deaths.csv,27/04/2020,11/05/2020,0,1,0,"https://www.mscbs.gob.es/ciudadanos/ene-covid/home.htm, accessed 31/05/2020",,,
Spain,ESP1,0,999,Navarra,male,875,,0.06,,,,deaths.csv,27/04/2020,11/05/2020,0,1,0,"https://www.mscbs.gob.es/ciudadanos/ene-covid/home.htm, accessed 31/05/2020",,,
Spain,ESP1,0,999,Pais Vasco,male,1379,,0.037,,,,deaths.csv,27/04/2020,11/05/2020,0,1,0,"https://www.mscbs.gob.es/ciudadanos/ene-covid/home.htm, accessed 31/05/2020",,,
Spain,ESP1,0,999,La Rioja,male,642,,0.034,,,,deaths.csv,27/04/2020,11/05/2020,0,1,0,"https://www.mscbs.gob.es/ciudadanos/ene-covid/home.htm, accessed 31/05/2020",,,
Spain,ESP1,0,999,Ceuta,male,376,,0.013,,,,deaths.csv,27/04/2020,11/05/2020,0,1,0,"https://www.mscbs.gob.es/ciudadanos/ene-covid/home.htm, accessed 31/05/2020",,,
Spain,ESP1,0,999,Melilla,male,435,,0.016,,,,deaths.csv,27/04/2020,11/05/2020,0,1,0,"https://www.mscbs.gob.es/ciudadanos/ene-covid/home.htm, accessed 31/05/2020",,,
Spain,ESP1,0,999,Andalucia,female,5119,,0.026,,,,deaths.csv,27/04/2020,11/05/2020,0,1,0,"https://www.mscbs.gob.es/ciudadanos/ene-covid/home.htm, accessed 31/05/2020",,,
Spain,ESP1,0,999,Aragon,female,1426,,0.048,,,,deaths.csv,27/04/2020,11/05/2020,0,1,0,"https://www.mscbs.gob.es/ciudadanos/ene-covid/home.htm, accessed 31/05/2020",,,
Spain,ESP1,0,999,Asturias,female,832,,0.017,,,,deaths.csv,27/04/2020,11/05/2020,0,1,0,"https://www.mscbs.gob.es/ciudadanos/ene-covid/home.htm, accessed 31/05/2020",,,
Spain,ESP1,0,999,Baleares,female,703,,0.028,,,,deaths.csv,27/04/2020,11/05/2020,0,1,0,"https://www.mscbs.gob.es/ciudadanos/ene-covid/home.htm, accessed 31/05/2020",,,
Spain,ESP1,0,999,Canarias,female,1247,,0.015,,,,deaths.csv,27/04/2020,11/05/2020,0,1,0,"https://www.mscbs.gob.es/ciudadanos/ene-covid/home.htm, accessed 31/05/2020",,,
Spain,ESP1,0,999,Cantabria,female,773,,0.04,,,,deaths.csv,27/04/2020,11/05/2020,0,1,0,"https://www.mscbs.gob.es/ciudadanos/ene-covid/home.htm, accessed 31/05/2020",,,
Spain,ESP1,0,999,Castilla y Leon,female,3560,,0.077,,,,deaths.csv,27/04/2020,11/05/2020,0,1,0,"https://www.mscbs.gob.es/ciudadanos/ene-covid/home.htm, accessed 31/05/2020",,,
Spain,ESP1,0,999,Castilla La Mancha,female,2581,,0.117,,,,deaths.csv,27/04/2020,11/05/2020,0,1,0,"https://www.mscbs.gob.es/ciudadanos/ene-covid/home.htm, accessed 31/05/2020",,,
Spain,ESP1,0,999,Cataluna,female,3300,,0.057,,,,deaths.csv,27/04/2020,11/05/2020,0,1,0,"https://www.mscbs.gob.es/ciudadanos/ene-covid/home.htm, accessed 31/05/2020",,,
Spain,ESP1,0,999,C Valenciana,female,2222,,0.022,,,,deaths.csv,27/04/2020,11/05/2020,0,1,0,"https://www.mscbs.gob.es/ciudadanos/ene-covid/home.htm, accessed 31/05/2020",,,
Spain,ESP1,0,999,Extremadura,female,1398,,0.032,,,,deaths.csv,27/04/2020,11/05/2020,0,1,0,"https://www.mscbs.gob.es/ciudadanos/ene-covid/home.htm, accessed 31/05/2020",,,
Spain,ESP1,0,999,Galicia,female,2168,,0.022,,,,deaths.csv,27/04/2020,11/05/2020,0,1,0,"https://www.mscbs.gob.es/ciudadanos/ene-covid/home.htm, accessed 31/05/2020",,,
Spain,ESP1,0,999,Madrid,female,1638,,0.113,,,,deaths.csv,27/04/2020,11/05/2020,0,1,0,"https://www.mscbs.gob.es/ciudadanos/ene-covid/home.htm, accessed 31/05/2020",,,
Spain,ESP1,0,999,Murcia,female,736,,0.015,,,,deaths.csv,27/04/2020,11/05/2020,0,1,0,"https://www.mscbs.gob.es/ciudadanos/ene-covid/home.htm, accessed 31/05/2020",,,
Spain,ESP1,0,999,Navarra,female,862,,0.055,,,,deaths.csv,27/04/2020,11/05/2020,0,1,0,"https://www.mscbs.gob.es/ciudadanos/ene-covid/home.htm, accessed 31/05/2020",,,
Spain,ESP1,0,999,Pais Vasco,female,1451,,0.043,,,,deaths.csv,27/04/2020,11/05/2020,0,1,0,"https://www.mscbs.gob.es/ciudadanos/ene-covid/home.htm, accessed 31/05/2020",,,
Spain,ESP1,0,999,La Rioja,female,681,,0.031,,,,deaths.csv,27/04/2020,11/05/2020,0,1,0,"https://www.mscbs.gob.es/ciudadanos/ene-covid/home.htm, accessed 31/05/2020",,,
Spain,ESP1,0,999,Ceuta,female,453,,0.01,,,,deaths.csv,27/04/2020,11/05/2020,0,1,0,"https://www.mscbs.gob.es/ciudadanos/ene-covid/home.htm, accessed 31/05/2020",,,
Spain,ESP1,0,999,Melilla,female,492,,0.021,,,,deaths.csv,27/04/2020,11/05/2020,0,1,0,"https://www.mscbs.gob.es/ciudadanos/ene-covid/home.htm, accessed 31/05/2020",,,
Denmark,DNK1,17,29,all,female,1510,33,,,,,deaths.csv,06/04/2020,17/04/2020,1,1,0,https://www.medrxiv.org/content/10.1101/2020.04.24.20075291v1.full.pdf,,,
Denmark,DNK1,30,39,all,female,843,5,,,,,deaths.csv,06/04/2020,17/04/2020,1,1,0,https://www.medrxiv.org/content/10.1101/2020.04.24.20075291v1.full.pdf,,,
Denmark,DNK1,40,49,all,female,1092,25,,,,,deaths.csv,06/04/2020,17/04/2020,1,1,0,https://www.medrxiv.org/content/10.1101/2020.04.24.20075291v1.full.pdf,,,
Denmark,DNK1,50,59,all,female,961,8,,,,,deaths.csv,06/04/2020,17/04/2020,1,1,0,https://www.medrxiv.org/content/10.1101/2020.04.24.20075291v1.full.pdf,,,
Denmark,DNK1,60,69,all,female,489,11,,,,,deaths.csv,06/04/2020,17/04/2020,1,1,0,https://www.medrxiv.org/content/10.1101/2020.04.24.20075291v1.full.pdf,,,
Denmark,DNK1,17,29,all,male,929,28,,,,,deaths.csv,06/04/2020,17/04/2020,1,1,0,https://www.medrxiv.org/content/10.1101/2020.04.24.20075291v1.full.pdf,,,
Denmark,DNK1,30,39,all,male,925,11,,,,,deaths.csv,06/04/2020,17/04/2020,1,1,0,https://www.medrxiv.org/content/10.1101/2020.04.24.20075291v1.full.pdf,,,
Denmark,DNK1,40,49,all,male,1083,21,,,,,deaths.csv,06/04/2020,17/04/2020,1,1,0,https://www.medrxiv.org/content/10.1101/2020.04.24.20075291v1.full.pdf,,,
Denmark,DNK1,50,59,all,male,1100,18,,,,,deaths.csv,06/04/2020,17/04/2020,1,1,0,https://www.medrxiv.org/content/10.1101/2020.04.24.20075291v1.full.pdf,,,
Denmark,DNK1,60,69,all,male,564,13,,,,,deaths.csv,06/04/2020,17/04/2020,1,1,0,https://www.medrxiv.org/content/10.1101/2020.04.24.20075291v1.full.pdf,,,
Denmark,DNK1,17,999,Capital,both,3400,99,,,,,deaths.csv,06/04/2020,17/04/2020,0,0,1,https://www.medrxiv.org/content/10.1101/2020.04.24.20075291v1.full.pdf,,,
Denmark,DNK1,17,999,South DK & Zealand,both,3553,48,,,,,deaths.csv,06/04/2020,17/04/2020,0,0,1,https://www.medrxiv.org/content/10.1101/2020.04.24.20075291v1.full.pdf,,,
Denmark,DNK1,17,999,Central DK & North DK,both,2543,26,,,,,deaths.csv,06/04/2020,17/04/2020,0,0,1,https://www.medrxiv.org/content/10.1101/2020.04.24.20075291v1.full.pdf,,,
Denmark,DNK1,17,999,all,both,9496,173,,,,,ecdc,06/04/2020,17/04/2020,0,0,0,https://www.medrxiv.org/content/10.1101/2020.04.24.20075291v1.full.pdf,,,
Switzerland,CHE1,5,19,Geneva,both,214,13,,,,,deaths.csv,06/04/2020,26/04/2020,1,0,1,https://www.medrxiv.org/content/10.1101/2020.05.02.20088898v1.full.pdf,,,
Switzerland,CHE1,20,49,Geneva,both,538,45,,,,,deaths.csv,06/04/2020,26/04/2020,1,0,1,https://www.medrxiv.org/content/10.1101/2020.05.02.20088898v1.full.pdf,,,
Switzerland,CHE1,50,999,Geneva,both,583,25,,,,,deaths.csv,06/04/2020,26/04/2020,1,0,1,https://www.medrxiv.org/content/10.1101/2020.05.02.20088898v1.full.pdf,,,
Switzerland,CHE1,5,999,Geneva,female,715,40,,,,,deaths.csv,06/04/2020,26/04/2020,0,1,1,https://www.medrxiv.org/content/10.1101/2020.05.02.20088898v1.full.pdf,,,
Switzerland,CHE1,5,999,Geneva,male,620,43,,,,,deaths.csv,06/04/2020,26/04/2020,0,1,1,https://www.medrxiv.org/content/10.1101/2020.05.02.20088898v1.full.pdf,,,
Switzerland,CHE1,5,999,Geneva,both,343,11,,,,,deaths.csv,06/04/2020,12/04/2020,0,0,0,https://www.medrxiv.org/content/10.1101/2020.05.02.20088898v1.full.pdf,,,
Switzerland,CHE1,5,999,Geneva,both,416,22,,,,,deaths.csv,13/04/2020,19/04/2020,0,0,0,https://www.medrxiv.org/content/10.1101/2020.05.02.20088898v1.full.pdf,,,
Switzerland,CHE1,5,999,Geneva,both,576,50,,,,,deaths.csv,20/04/2020,26/04/2020,0,0,0,https://www.medrxiv.org/content/10.1101/2020.05.02.20088898v1.full.pdf,,,
Iran,IRN1,0,5,Guilan,both,27,,0.15,,,,deaths.csv,01/04/2020,23/04/2020,1,0,1,https://www.medrxiv.org/content/10.1101/2020.04.26.20079244v1,"sampling by household - clustering of infections?  Deaths only for province level, serosurvey was in 5 out of 16 counties of this province, with 3 high incidence 2 low incidence. Biased?",,
Iran,IRN1,5,18,Guilan,both,107,,0.2,,,,deaths.csv,01/04/2020,23/04/2020,1,0,1,https://www.medrxiv.org/content/10.1101/2020.04.26.20079244v1,"sampling by household - clustering of infections?  Deaths only for province level, serosurvey was in 5 out of 16 counties of this province, with 3 high incidence 2 low incidence. Biased?",,
Iran,IRN1,18,60,Guilan,both,343,,0.23,,,,deaths.csv,01/04/2020,23/04/2020,1,0,1,https://www.medrxiv.org/content/10.1101/2020.04.26.20079244v1,"sampling by household - clustering of infections?  Deaths only for province level, serosurvey was in 5 out of 16 counties of this province, with 3 high incidence 2 low incidence. Biased?",,
Iran,IRN1,60,999,Guilan,both,74,,0.26,,,,deaths.csv,01/04/2020,23/04/2020,1,0,1,https://www.medrxiv.org/content/10.1101/2020.04.26.20079244v1,"sampling by household - clustering of infections?  Deaths only for province level, serosurvey was in 5 out of 16 counties of this province, with 3 high incidence 2 low incidence. Biased?",,
Iran,IRN1,0,999,Guilan,male,270,,0.22,,,,deaths.csv,01/04/2020,23/04/2020,0,1,1,https://www.medrxiv.org/content/10.1101/2020.04.26.20079244v1,"sampling by household - clustering of infections?  Deaths only for province level, serosurvey was in 5 out of 16 counties of this province, with 3 high incidence 2 low incidence. Biased?",,
Iran,IRN1,0,999,Guilan,female,281,,0.23,,,,deaths.csv,01/04/2020,23/04/2020,0,1,1,https://www.medrxiv.org/content/10.1101/2020.04.26.20079244v1,"sampling by household - clustering of infections?  Deaths only for province level, serosurvey was in 5 out of 16 counties of this province, with 3 high incidence 2 low incidence. Biased?",,
Sweden,SWE1,0,19,"Jämtland, Jönköping, Kalmar, Skåne, Stockholm, Uppsala, Västerbotten, Västra Götaland and Örebro",both,,,0.047,,,,deaths.csv,27/04/2020,03/05/2020,1,0,0,"https://www.folkhalsomyndigheten.se/nyheter-och-press/nyhetsarkiv/2020/maj/forsta-resultaten-fran-pagaende-undersokning-av-antikroppar-for-covid-19-virus/ , accessed 31/05/2020",Blood samples are collected from laboratories in clinical chemistry and clinical immunology in nine regions. 1104 samples total. These 9 regions include 7180898 out of Sweden's total population of 10327589,,
Sweden,SWE1,20,64,"Jämtland, Jönköping, Kalmar, Skåne, Stockholm, Uppsala, Västerbotten, Västra Götaland and Örebro",both,,,0.067,,,,deaths.csv,27/04/2020,03/05/2020,1,0,0,"https://www.folkhalsomyndigheten.se/nyheter-och-press/nyhetsarkiv/2020/maj/forsta-resultaten-fran-pagaende-undersokning-av-antikroppar-for-covid-19-virus/ , accessed 31/05/2020",Blood samples are collected from laboratories in clinical chemistry and clinical immunology in nine regions. 1104 samples total. These 9 regions include 7180898 out of Sweden's total population of 10327589,,
Sweden,SWE1,65,95,"Jämtland, Jönköping, Kalmar, Skåne, Stockholm, Uppsala, Västerbotten, Västra Götaland and Örebro",both,,,0.027,,,,deaths.csv,27/04/2020,03/05/2020,1,0,0,"https://www.folkhalsomyndigheten.se/nyheter-och-press/nyhetsarkiv/2020/maj/forsta-resultaten-fran-pagaende-undersokning-av-antikroppar-for-covid-19-virus/ , accessed 31/05/2020",Blood samples are collected from laboratories in clinical chemistry and clinical immunology in nine regions. 1104 samples total. These 9 regions include 7180898 out of Sweden's total population of 10327589,,
Sweden,SWE1,0,999,Stockholm,both,,,0.073,,,,deaths.csv,27/04/2020,03/05/2020,0,0,1,"https://www.folkhalsomyndigheten.se/nyheter-och-press/nyhetsarkiv/2020/maj/forsta-resultaten-fran-pagaende-undersokning-av-antikroppar-for-covid-19-virus/ , accessed 31/05/2020",Blood samples are collected from laboratories in clinical chemistry and clinical immunology in nine regions. 1104 samples total. These 9 regions include 7180898 out of Sweden's total population of 10327589,,
Sweden,SWE1,0,999,Skane,both,,,0.042,,,,deaths.csv,27/04/2020,03/05/2020,0,0,1,"https://www.folkhalsomyndigheten.se/nyheter-och-press/nyhetsarkiv/2020/maj/forsta-resultaten-fran-pagaende-undersokning-av-antikroppar-for-covid-19-virus/ , accessed 31/05/2020",Blood samples are collected from laboratories in clinical chemistry and clinical immunology in nine regions. 1104 samples total. These 9 regions include 7180898 out of Sweden's total population of 10327589,,
Sweden,SWE1,0,999,Vastra Gotaland,both,,,0.037,,,,deaths.csv,27/04/2020,03/05/2020,0,0,1,"https://www.folkhalsomyndigheten.se/nyheter-och-press/nyhetsarkiv/2020/maj/forsta-resultaten-fran-pagaende-undersokning-av-antikroppar-for-covid-19-virus/ , accessed 31/05/2020",Blood samples are collected from laboratories in clinical chemistry and clinical immunology in nine regions. 1104 samples total. These 9 regions include 7180898 out of Sweden's total population of 10327589,,
Netherlands,NLD1,18,30,all,both,1251,52,,,,,deaths.csv,01/04/2020,15/04/2020,1,0,0,https://www.researchsquare.com/article/rs-25862/v1,,,
Netherlands,NLD1,31,40,all,both,882,22,,,,,deaths.csv,01/04/2020,15/04/2020,1,0,0,https://www.researchsquare.com/article/rs-25862/v1,,,
Netherlands,NLD1,41,50,all,both,1354,31,,,,,deaths.csv,01/04/2020,15/04/2020,1,0,0,https://www.researchsquare.com/article/rs-25862/v1,,,
Netherlands,NLD1,51,60,all,both,2132,48,,,,,deaths.csv,01/04/2020,15/04/2020,1,0,0,https://www.researchsquare.com/article/rs-25862/v1,,,
Netherlands,NLD1,60,72,all,both,1742,47,,,,,deaths.csv,01/04/2020,15/04/2020,1,0,0,https://www.researchsquare.com/article/rs-25862/v1,,,
Netherlands,NLD1,18,72,Zuid-Limburg,both,,,,0.03,0.04,,deaths.csv,01/04/2020,15/04/2020,0,0,1,https://www.researchsquare.com/article/rs-25862/v1,"seroprevalence given to nearest 1%, so this is the lower bound, add 0.01 for the higher bound",,
Netherlands,NLD1,18,72,Limburg-Noord,both,,,,0.06,0.07,,deaths.csv,01/04/2020,15/04/2020,0,0,1,https://www.researchsquare.com/article/rs-25862/v1,,,
Netherlands,NLD1,18,72,Brabant-Zuidoost,both,,,,0.09,0.1,,deaths.csv,01/04/2020,15/04/2020,0,0,1,https://www.researchsquare.com/article/rs-25862/v1,,,
Netherlands,NLD1,18,72,Zeeland,both,,,,0.01,0.02,,deaths.csv,01/04/2020,15/04/2020,0,0,1,https://www.researchsquare.com/article/rs-25862/v1,,,
Netherlands,NLD1,18,72,Rotterdam-Rijnmond,both,,,,0,0.01,,deaths.csv,01/04/2020,15/04/2020,0,0,1,https://www.researchsquare.com/article/rs-25862/v1,,,
Netherlands,NLD1,18,72,Zuid-Holland-Zuid,both,,,,0.01,0.02,,deaths.csv,01/04/2020,15/04/2020,0,0,1,https://www.researchsquare.com/article/rs-25862/v1,,,
Netherlands,NLD1,18,72,Haaglanden,both,,,,0.01,0.02,,deaths.csv,01/04/2020,15/04/2020,0,0,1,https://www.researchsquare.com/article/rs-25862/v1,,,
Netherlands,NLD1,18,72,Hollands Midden,both,,,,0.01,0.02,,deaths.csv,01/04/2020,15/04/2020,0,0,1,https://www.researchsquare.com/article/rs-25862/v1,,,
Netherlands,NLD1,18,72,Gelderland-Zuid,both,,,,0.03,0.04,,deaths.csv,01/04/2020,15/04/2020,0,0,1,https://www.researchsquare.com/article/rs-25862/v1,,,
Netherlands,NLD1,18,72,Utrecht,both,,,,NA,NA,,deaths.csv,01/04/2020,15/04/2020,0,0,1,https://www.researchsquare.com/article/rs-25862/v1,boundaries not the same as regional map (contains a city in the middle),,
Netherlands,NLD1,18,72,Gelderland-Midden,both,,,,0,0.01,,deaths.csv,01/04/2020,15/04/2020,0,0,1,https://www.researchsquare.com/article/rs-25862/v1,,,
Netherlands,NLD1,18,72,Noord- en Oost-Gelderland,both,,,,0.02,0.03,,deaths.csv,01/04/2020,15/04/2020,0,0,1,https://www.researchsquare.com/article/rs-25862/v1,,,
Netherlands,NLD1,18,72,Midden- en West-Brabant,both,,,,NA,NA,,deaths.csv,01/04/2020,15/04/2020,0,0,1,https://www.researchsquare.com/article/rs-25862/v1,boundaries not the same as regional map,,
Netherlands,NLD1,18,72,Brabant-Noord,both,,,,NA,NA,,deaths.csv,01/04/2020,15/04/2020,0,0,1,https://www.researchsquare.com/article/rs-25862/v1,boundaries not the same as regional map,,
Netherlands,NLD1,18,72,IJsselland,both,,,,0.01,0.02,,deaths.csv,01/04/2020,15/04/2020,0,0,1,https://www.researchsquare.com/article/rs-25862/v1,,,
Netherlands,NLD1,18,72,Fryslân,both,,,,0,0.01,,deaths.csv,01/04/2020,15/04/2020,0,0,1,https://www.researchsquare.com/article/rs-25862/v1,,,
Netherlands,NLD1,18,72,Drenthe,both,,,,0,0.01,,deaths.csv,01/04/2020,15/04/2020,0,0,1,https://www.researchsquare.com/article/rs-25862/v1,,,
Netherlands,NLD1,18,72,Groningen,both,,,,0.01,0.02,,deaths.csv,01/04/2020,15/04/2020,0,0,1,https://www.researchsquare.com/article/rs-25862/v1,,,
Netherlands,NLD1,18,72,Noord-Holland-Noord,both,,,,0.02,0.03,,deaths.csv,01/04/2020,15/04/2020,0,0,1,https://www.researchsquare.com/article/rs-25862/v1,,,
Netherlands,NLD1,18,72,Flevoland,both,,,,0,0,,deaths.csv,01/04/2020,15/04/2020,0,0,1,https://www.researchsquare.com/article/rs-25862/v1,,,
Netherlands,NLD1,18,72,Zaanstreek-Waterland,both,,,,0.01,0.02,,deaths.csv,01/04/2020,15/04/2020,0,0,1,https://www.researchsquare.com/article/rs-25862/v1,,,
Netherlands,NLD1,18,72,Kennemerland,both,,,,0.02,0.03,,deaths.csv,01/04/2020,15/04/2020,0,0,1,https://www.researchsquare.com/article/rs-25862/v1,,,
Netherlands,NLD1,18,72,Twente,both,,,,0.03,0.04,,deaths.csv,01/04/2020,15/04/2020,0,0,1,https://www.researchsquare.com/article/rs-25862/v1,,,
Netherlands,NLD1,18,72,Amsterdam-Amstelland,both,,,,0.03,0.04,,deaths.csv,01/04/2020,15/04/2020,0,0,1,https://www.researchsquare.com/article/rs-25862/v1,,,
Netherlands,NLD1,18,72,Gooi en Vechtstreek,both,,,,0,0,,deaths.csv,01/04/2020,15/04/2020,0,0,1,https://www.researchsquare.com/article/rs-25862/v1,,,
Netherlands,NLD1,18,72,all,both,7361,230,0.031245755,,,,ecdc,01/04/2020,15/04/2020,0,0,0,https://www.researchsquare.com/article/rs-25862/v1,,,
Netherlands,NLD2,18,72,all,both,7000,,0.055,,,,ecdc,10/05/2020,20/05/2020,0,0,1,https://uk.reuters.com/article/uk-health-coronavirus-netherlands-study/study-shows-coronavirus-antibodies-in-5-5-of-dutch-blood-donors-idUKKBN23A0OT,sample size might be approximate,,
United Kingdom,GBR1,18,75,Scotland,both,500,0,0,,,,,17/03/2020,17/03/2020,0,0,1,https://www.medrxiv.org/content/10.1101/2020.04.13.20060467v1,blood donors. assay is for 'neutralizing antibodies' (unusual),,
United Kingdom,GBR1,18,75,Scotland,both,500,5,0.01,,,,,21/03/2020,23/03/2020,0,0,1,https://www.medrxiv.org/content/10.1101/2020.04.13.20060467v1,blood donors. assay is for 'neutralizing antibodies' (unusual),,
United Kingdom,GBR2,,,London,both,,,0.148,,,,deaths.csv,27/04/2020,03/05/2020,0,0,1,https://www.gov.uk/government/publications/national-covid-19-surveillance-reports/sero-surveillance-of-covid-19,adjusted,,16/04/2020
United Kingdom,GBR2,,,North East,both,,,0.035,,,,deaths.csv,13/04/2020,19/04/2020,0,0,1,https://www.gov.uk/government/publications/national-covid-19-surveillance-reports/sero-surveillance-of-covid-19 and https://assets.publishing.service.gov.uk/government/uploads/system/uploads/attachment_data/file/888254/COVID19_Epidemiological_Summary_w22_Final.pdf  Accessed 6/6/20,,,
United Kingdom,GBR2,,,North West,both,,,0.053,,,,deaths.csv,13/04/2020,19/04/2020,0,0,1,https://www.gov.uk/government/publications/national-covid-19-surveillance-reports/sero-surveillance-of-covid-19 and https://assets.publishing.service.gov.uk/government/uploads/system/uploads/attachment_data/file/888254/COVID19_Epidemiological_Summary_w22_Final.pdf  Accessed 6/6/21,,,
USA,NYC_NY_1,18,999,"New York City, New York, United States (New York State Department of Health)",both,5946,1319,0.221829802,,,0.202,,19/04/2020,28/04/2020,0,0,1,https://www.medrxiv.org/content/10.1101/2020.05.25.20113050v1.full.pdf,,,
USA,NYC_NY_1,18,34,"New York City, New York, United States (New York State Department of Health)",both,1257,252,0.200477327,,,0.193,,19/04/2020,28/04/2020,1,0,0,https://www.medrxiv.org/content/10.1101/2020.05.25.20113050v1.full.pdf,,,
USA,NYC_NY_1,35,44,"New York City, New York, United States (New York State Department of Health)",both,1144,243,0.212412587,,,0.208,,19/04/2020,28/04/2020,1,0,0,https://www.medrxiv.org/content/10.1101/2020.05.25.20113050v1.full.pdf,,,
USA,NYC_NY_1,45,54,"New York City, New York, United States (New York State Department of Health)",both,1328,334,0.251506024,,,0.235,,19/04/2020,28/04/2020,1,0,0,https://www.medrxiv.org/content/10.1101/2020.05.25.20113050v1.full.pdf,,,
USA,NYC_NY_1,55,999,"New York City, New York, United States (New York State Department of Health)",both,2217,490,0.221019396,,,0.191,,19/04/2020,28/04/2020,1,0,0,https://www.medrxiv.org/content/10.1101/2020.05.25.20113050v1.full.pdf,,,
USA,NYC_NY_1,0,999,"New York City, New York, United States (New York State Department of Health)",Male,2727,629,0.230656399,,,0.209,,19/04/2020,28/04/2020,0,1,0,https://www.medrxiv.org/content/10.1101/2020.05.25.20113050v1.full.pdf,,,
USA,NYC_NY_1,0,999,"New York City, New York, United States (New York State Department of Health)",Female,3219,690,0.214352283,,,0.196,,19/04/2020,28/04/2020,0,1,0,https://www.medrxiv.org/content/10.1101/2020.05.25.20113050v1.full.pdf,,,
USA,WENRO_NY_1,18,999,"Westchester and Rockland, New York, United States (New York State Department of Health)",both,980,134,0.136734694,,,0.144,,19/04/2020,28/04/2020,0,0,1,https://www.medrxiv.org/content/10.1101/2020.05.25.20113050v1.full.pdf,,,
USA,WENRO_NY_1,18,34,"Westchester and Rockland, New York, United States (New York State Department of Health)",both,184,29,0.157608696,,,0.161,,19/04/2020,28/04/2020,1,0,0,https://www.medrxiv.org/content/10.1101/2020.05.25.20113050v1.full.pdf,,,
USA,WENRO_NY_1,35,44,"Westchester and Rockland, New York, United States (New York State Department of Health)",both,156,22,0.141025641,,,0.152,,19/04/2020,28/04/2020,1,0,0,https://www.medrxiv.org/content/10.1101/2020.05.25.20113050v1.full.pdf,,,
USA,WENRO_NY_1,45,54,"Westchester and Rockland, New York, United States (New York State Department of Health)",both,247,33,0.133603239,,,0.145,,19/04/2020,28/04/2020,1,0,0,https://www.medrxiv.org/content/10.1101/2020.05.25.20113050v1.full.pdf,,,
USA,WENRO_NY_1,55,999,"Westchester and Rockland, New York, United States (New York State Department of Health)",both,393,50,0.127226463,,,0.129,,19/04/2020,28/04/2020,1,0,0,https://www.medrxiv.org/content/10.1101/2020.05.25.20113050v1.full.pdf,,,
USA,WENRO_NY_1,0,999,"Westchester and Rockland, New York, United States (New York State Department of Health)",Male,450,72,0.16,,,0.171,,19/04/2020,28/04/2020,0,1,0,https://www.medrxiv.org/content/10.1101/2020.05.25.20113050v1.full.pdf,,,
USA,WENRO_NY_1,0,999,"Westchester and Rockland, New York, United States (New York State Department of Health)",Female,530,62,0.116981132,,,0.119,,19/04/2020,28/04/2020,0,1,0,https://www.medrxiv.org/content/10.1101/2020.05.25.20113050v1.full.pdf,,,
USA,LI_NY_1,18,999,"Long Island, New York, United States (New York State Department of Health)",both,2074,241,0.116200579,,,0.119,,19/04/2020,28/04/2020,0,0,1,https://www.medrxiv.org/content/10.1101/2020.05.25.20113050v1.full.pdf,,,
USA,LI_NY_1,18,34,"Long Island, New York, United States (New York State Department of Health)",both,429,45,0.104895105,,,0.126,,19/04/2020,28/04/2020,1,0,0,https://www.medrxiv.org/content/10.1101/2020.05.25.20113050v1.full.pdf,,,
USA,LI_NY_1,35,44,"Long Island, New York, United States (New York State Department of Health)",both,317,40,0.126182965,,,0.124,,19/04/2020,28/04/2020,1,0,0,https://www.medrxiv.org/content/10.1101/2020.05.25.20113050v1.full.pdf,,,
USA,LI_NY_1,45,54,"Long Island, New York, United States (New York State Department of Health)",both,468,61,0.13034188,,,0.128,,19/04/2020,28/04/2020,1,0,0,https://www.medrxiv.org/content/10.1101/2020.05.25.20113050v1.full.pdf,,,
USA,LI_NY_1,55,999,"Long Island, New York, United States (New York State Department of Health)",both,860,95,0.110465116,,,0.107,,19/04/2020,28/04/2020,1,0,0,https://www.medrxiv.org/content/10.1101/2020.05.25.20113050v1.full.pdf,,,
USA,LI_NY_1,0,999,"Long Island, New York, United States (New York State Department of Health)",Male,913,122,0.133625411,,,0.131,,19/04/2020,28/04/2020,0,1,0,https://www.medrxiv.org/content/10.1101/2020.05.25.20113050v1.full.pdf,,,
USA,LI_NY_1,0,999,"Long Island, New York, United States (New York State Department of Health)",Female,1161,119,0.102497847,,,0.107,,19/04/2020,28/04/2020,0,1,0,https://www.medrxiv.org/content/10.1101/2020.05.25.20113050v1.full.pdf,,,
USA,REST_NY_1,18,999,"Upstate (19 counties), New York, United States (New York State Department of Health)",both,6101,193,0.031634158,,,0.034,,19/04/2020,28/04/2020,0,0,1,https://www.medrxiv.org/content/10.1101/2020.05.25.20113050v1.full.pdf,,,
USA,REST_NY_1,18,34,"Upstate (19 counties), New York, United States (New York State Department of Health)",both,1281,51,0.039812646,,,0.041,,19/04/2020,28/04/2020,1,0,0,https://www.medrxiv.org/content/10.1101/2020.05.25.20113050v1.full.pdf,,,
USA,REST_NY_1,35,44,"Upstate (19 counties), New York, United States (New York State Department of Health)",both,1011,29,0.028684471,,,0.035,,19/04/2020,28/04/2020,1,0,0,https://www.medrxiv.org/content/10.1101/2020.05.25.20113050v1.full.pdf,,,
USA,REST_NY_1,45,54,"Upstate (19 counties), New York, United States (New York State Department of Health)",both,1302,51,0.039170507,,,0.043,,19/04/2020,28/04/2020,1,0,0,https://www.medrxiv.org/content/10.1101/2020.05.25.20113050v1.full.pdf,,,
USA,REST_NY_1,55,999,"Upstate (19 counties), New York, United States (New York State Department of Health)",both,2507,62,0.024730754,,,0.025,,19/04/2020,28/04/2020,1,0,0,https://www.medrxiv.org/content/10.1101/2020.05.25.20113050v1.full.pdf,,,
USA,REST_NY_1,0,999,"Upstate (19 counties), New York, United States (New York State Department of Health)",Male,2545,95,0.037328094,,,0.039,,19/04/2020,28/04/2020,0,1,0,https://www.medrxiv.org/content/10.1101/2020.05.25.20113050v1.full.pdf,,,
USA,REST_NY_1,0,999,"Upstate (19 counties), New York, United States (New York State Department of Health)",Female,3556,98,0.027559055,,,0.028,,19/04/2020,28/04/2020,0,1,0,https://www.medrxiv.org/content/10.1101/2020.05.25.20113050v1.full.pdf,,,
USA,NY_1,0,999,New York State,both,15101,1887,0.124958612,,,0.125,,19/04/2020,28/04/2020,0,0,1,https://www.medrxiv.org/content/10.1101/2020.05.25.20113050v1.full.pdf,,,
USA,NY_1,18,34,New York State,both,3151,377,0.119644557,,,0.13,,19/04/2020,28/04/2020,1,0,0,https://www.medrxiv.org/content/10.1101/2020.05.25.20113050v1.full.pdf,,,
USA,NY_1,35,44,New York State,both,2628,334,0.127092846,,,0.137,,19/04/2020,28/04/2020,1,0,0,https://www.medrxiv.org/content/10.1101/2020.05.25.20113050v1.full.pdf,,,
USA,NY_1,45,54,New York State,both,3345,479,0.143198804,,,0.143,,19/04/2020,28/04/2020,1,0,0,https://www.medrxiv.org/content/10.1101/2020.05.25.20113050v1.full.pdf,,,
USA,NY_1,55,999,New York State,both,5977,697,0.116613686,,,0.109,,19/04/2020,28/04/2020,1,0,0,https://www.medrxiv.org/content/10.1101/2020.05.25.20113050v1.full.pdf,,,
USA,NY_1,0,999,New York State,Male,6635,918,0.138357197,,,0.132,,19/04/2020,28/04/2020,0,1,0,https://www.medrxiv.org/content/10.1101/2020.05.25.20113050v1.full.pdf,,,
USA,NY_1,0,999,New York State,Female,8466,969,0.114457831,,,0.119,,19/04/2020,28/04/2020,0,1,0,https://www.medrxiv.org/content/10.1101/2020.05.25.20113050v1.full.pdf,,,
USA,LA_CA,18,999,"Los Angeles County, California",both,863,35,0.0406,,,0.0431,,10/04/2020,11/04/2020,0,0,1,https://jamanetwork.com/journals/jama/fullarticle/2766367,,,
USA,SC_CA,0,999,"Santa Clara County, California",both,"3,439",50,0.015,,,0.028,,03/04/2020,04/04/2020,0,0,0,https://www.medrxiv.org/content/10.1101/2020.04.14.20062463v2,,,
USA,SM_CO,0,999,"San Miguel County, Colorado, United States (United Biomedical)",,5376,29,0.005394345,,,,,,,0,1,0,https://www.sanmiguelcountyco.gov/DocumentCenter/View/5717/San-Miguel-County-IgG-Antibody-Test-Statistics-and-Demographics-PDF,"79 'borderline' tests excluded, date 'march-april'",,
USA,CH_MA,,,"Chelsea, Massachusetts, United States (Massachusetts General Hospital)",,200,,,,,0.315,,,,0,1,0,https://boston.cbslocal.com/2020/04/23/coronavirus-mgh-case-study-john-iafrate-herd-immunity/,dates = april 2020,,
USA,MD_FL,,,"Miami-Dade, Florida",both,,,0.065,,,,,,,0,0,0,https://www.miamiherald.com/news/coronavirus/article242260406.html,dates=early april,,
Italy,ITA1,NA,NA,Bergamo,both,9965,,0.569,,,0.45,,23/04/2020,03/06/2020,0,0,1,https://uk.reuters.com/article/uk-health-coronavirus-italy-antibodies/over-half-of-people-tested-in-italys-bergamo-have-covid-19-antibodies-idUKKBN23F2K1   https://www.newsweek.com/coronavirus-antibodies-found-almost-60-percent-people-tested-italian-province-hit-hard-covid-19-1509546,Biased as come from 'hardest hit' areas within the province (?). Mayor says 45% after adjusting. Also report >16000 deaths,,
