country	study_id	age_low	age_high	region	gender	n_deaths	date_start_survey	date_end_survey	age_breakdown	for_regional_analysis	ref
Switzerland	CHE1	0	999	Geneva	both	1	10/03/2020	10/03/2020	0	1	https://covid-19-schweiz.bagapps.ch/fr-1.html
Switzerland	CHE1	0	999	Geneva	both	0	11/03/2020	11/03/2020	0	1	https://covid-19-schweiz.bagapps.ch/fr-1.html
Switzerland	CHE1	0	999	Geneva	both	1	12/03/2020	12/03/2020	0	1	https://covid-19-schweiz.bagapps.ch/fr-1.html
Switzerland	CHE1	0	999	Geneva	both	0	13/03/2020	13/03/2020	0	1	https://covid-19-schweiz.bagapps.ch/fr-1.html
Switzerland	CHE1	0	999	Geneva	both	0	14/03/2020	14/03/2020	0	1	https://covid-19-schweiz.bagapps.ch/fr-1.html
Switzerland	CHE1	0	999	Geneva	both	2	15/03/2020	15/03/2020	0	1	https://covid-19-schweiz.bagapps.ch/fr-1.html
Switzerland	CHE1	0	999	Geneva	both	0	16/03/2020	16/03/2020	0	1	https://covid-19-schweiz.bagapps.ch/fr-1.html
Switzerland	CHE1	0	999	Geneva	both	1	17/03/2020	17/03/2020	0	1	https://covid-19-schweiz.bagapps.ch/fr-1.html
Switzerland	CHE1	0	999	Geneva	both	1	18/03/2020	18/03/2020	0	1	https://covid-19-schweiz.bagapps.ch/fr-1.html
Switzerland	CHE1	0	999	Geneva	both	1	19/03/2020	19/03/2020	0	1	https://covid-19-schweiz.bagapps.ch/fr-1.html
Switzerland	CHE1	0	999	Geneva	both	2	20/03/2020	20/03/2020	0	1	https://covid-19-schweiz.bagapps.ch/fr-1.html
Switzerland	CHE1	0	999	Geneva	both	0	21/03/2020	21/03/2020	0	1	https://covid-19-schweiz.bagapps.ch/fr-1.html
Switzerland	CHE1	0	999	Geneva	both	1	22/03/2020	22/03/2020	0	1	https://covid-19-schweiz.bagapps.ch/fr-1.html
Switzerland	CHE1	0	999	Geneva	both	4	23/03/2020	23/03/2020	0	1	https://covid-19-schweiz.bagapps.ch/fr-1.html
Switzerland	CHE1	0	999	Geneva	both	1	24/03/2020	24/03/2020	0	1	https://covid-19-schweiz.bagapps.ch/fr-1.html
Switzerland	CHE1	0	999	Geneva	both	7	25/03/2020	25/03/2020	0	1	https://covid-19-schweiz.bagapps.ch/fr-1.html
Switzerland	CHE1	0	999	Geneva	both	2	26/03/2020	26/03/2020	0	1	https://covid-19-schweiz.bagapps.ch/fr-1.html
Switzerland	CHE1	0	999	Geneva	both	7	27/03/2020	27/03/2020	0	1	https://covid-19-schweiz.bagapps.ch/fr-1.html
Switzerland	CHE1	0	999	Geneva	both	7	28/03/2020	28/03/2020	0	1	https://covid-19-schweiz.bagapps.ch/fr-1.html
Switzerland	CHE1	0	999	Geneva	both	9	29/03/2020	29/03/2020	0	1	https://covid-19-schweiz.bagapps.ch/fr-1.html
Switzerland	CHE1	0	999	Geneva	both	8	30/03/2020	30/03/2020	0	1	https://covid-19-schweiz.bagapps.ch/fr-1.html
Switzerland	CHE1	0	999	Geneva	both	10	31/03/2020	31/03/2020	0	1	https://covid-19-schweiz.bagapps.ch/fr-1.html
Switzerland	CHE1	0	999	Geneva	both	9	01/04/2020	01/04/2020	0	1	https://covid-19-schweiz.bagapps.ch/fr-1.html
Switzerland	CHE1	0	999	Geneva	both	8	02/04/2020	02/04/2020	0	1	https://covid-19-schweiz.bagapps.ch/fr-1.html
Switzerland	CHE1	0	999	Geneva	both	6	03/04/2020	03/04/2020	0	1	https://covid-19-schweiz.bagapps.ch/fr-1.html
Switzerland	CHE1	0	999	Geneva	both	13	04/04/2020	04/04/2020	0	1	https://covid-19-schweiz.bagapps.ch/fr-1.html
Switzerland	CHE1	0	999	Geneva	both	7	05/04/2020	05/04/2020	0	1	https://covid-19-schweiz.bagapps.ch/fr-1.html
Switzerland	CHE1	0	999	Geneva	both	12	06/04/2020	06/04/2020	0	1	https://covid-19-schweiz.bagapps.ch/fr-1.html
Switzerland	CHE1	0	999	Geneva	both	11	07/04/2020	07/04/2020	0	1	https://covid-19-schweiz.bagapps.ch/fr-1.html
Switzerland	CHE1	0	999	Geneva	both	14	08/04/2020	08/04/2020	0	1	https://covid-19-schweiz.bagapps.ch/fr-1.html
Switzerland	CHE1	0	999	Geneva	both	8	09/04/2020	09/04/2020	0	1	https://covid-19-schweiz.bagapps.ch/fr-1.html
Switzerland	CHE1	0	999	Geneva	both	12	10/04/2020	10/04/2020	0	1	https://covid-19-schweiz.bagapps.ch/fr-1.html
Switzerland	CHE1	0	999	Geneva	both	8	11/04/2020	11/04/2020	0	1	https://covid-19-schweiz.bagapps.ch/fr-1.html
Switzerland	CHE1	0	999	Geneva	both	8	12/04/2020	12/04/2020	0	1	https://covid-19-schweiz.bagapps.ch/fr-1.html
Switzerland	CHE1	0	999	Geneva	both	3	13/04/2020	13/04/2020	0	1	https://covid-19-schweiz.bagapps.ch/fr-1.html
Switzerland	CHE1	0	999	Geneva	both	5	14/04/2020	14/04/2020	0	1	https://covid-19-schweiz.bagapps.ch/fr-1.html
Switzerland	CHE1	0	999	Geneva	both	6	15/04/2020	15/04/2020	0	1	https://covid-19-schweiz.bagapps.ch/fr-1.html
Switzerland	CHE1	0	999	Geneva	both	7	16/04/2020	16/04/2020	0	1	https://covid-19-schweiz.bagapps.ch/fr-1.html
Switzerland	CHE1	0	999	Geneva	both	6	17/04/2020	17/04/2020	0	1	https://covid-19-schweiz.bagapps.ch/fr-1.html
Switzerland	CHE1	0	999	Geneva	both	4	18/04/2020	18/04/2020	0	1	https://covid-19-schweiz.bagapps.ch/fr-1.html
Switzerland	CHE1	0	999	Geneva	both	3	19/04/2020	19/04/2020	0	1	https://covid-19-schweiz.bagapps.ch/fr-1.html
Switzerland	CHE1	0	999	Geneva	both	3	20/04/2020	20/04/2020	0	1	https://covid-19-schweiz.bagapps.ch/fr-1.html
Switzerland	CHE1	0	999	Geneva	both	5	21/04/2020	21/04/2020	0	1	https://covid-19-schweiz.bagapps.ch/fr-1.html
Switzerland	CHE1	0	999	Geneva	both	9	22/04/2020	22/04/2020	0	1	https://covid-19-schweiz.bagapps.ch/fr-1.html
Switzerland	CHE1	0	999	Geneva	both	2	23/04/2020	23/04/2020	0	1	https://covid-19-schweiz.bagapps.ch/fr-1.html
Switzerland	CHE1	0	999	Geneva	both	5	24/04/2020	24/04/2020	0	1	https://covid-19-schweiz.bagapps.ch/fr-1.html
Switzerland	CHE1	0	999	Geneva	both	1	25/04/2020	25/04/2020	0	1	https://covid-19-schweiz.bagapps.ch/fr-1.html
Switzerland	CHE1	0	999	Geneva	both	1	26/04/2020	26/04/2020	0	1	https://covid-19-schweiz.bagapps.ch/fr-1.html
Switzerland	CHE1	0	999	Geneva	both	1	27/04/2020	27/04/2020	0	1	https://covid-19-schweiz.bagapps.ch/fr-1.html
Switzerland	CHE1	0	999	Geneva	both	1	28/04/2020	28/04/2020	0	1	https://covid-19-schweiz.bagapps.ch/fr-1.html
Switzerland	CHE1	0	999	Geneva	both	1	29/04/2020	29/04/2020	0	1	https://covid-19-schweiz.bagapps.ch/fr-1.html
Switzerland	CHE1	0	999	Geneva	both	3	30/04/2020	30/04/2020	0	1	https://covid-19-schweiz.bagapps.ch/fr-1.html
Switzerland	CHE1	0	999	Geneva	both	3	01/05/2020	01/05/2020	0	1	https://covid-19-schweiz.bagapps.ch/fr-1.html
Switzerland	CHE1	0	999	Geneva	both	3	02/05/2020	02/05/2020	0	1	https://covid-19-schweiz.bagapps.ch/fr-1.html
Switzerland	CHE1	0	999	Geneva	both	0	03/05/2020	03/05/2020	0	1	https://covid-19-schweiz.bagapps.ch/fr-1.html
Switzerland	CHE1	0	999	Geneva	both	2	04/05/2020	04/05/2020	0	1	https://covid-19-schweiz.bagapps.ch/fr-1.html
Switzerland	CHE1	0	999	Geneva	both	1	05/05/2020	05/05/2020	0	1	https://covid-19-schweiz.bagapps.ch/fr-1.html
Switzerland	CHE1	0	999	Geneva	both	1	06/05/2020	06/05/2020	0	1	https://covid-19-schweiz.bagapps.ch/fr-1.html
Switzerland	CHE1	0	999	Geneva	both	5	07/05/2020	07/05/2020	0	1	https://covid-19-schweiz.bagapps.ch/fr-1.html
Switzerland	CHE1	0	999	Geneva	both	0	08/05/2020	08/05/2020	0	1	https://covid-19-schweiz.bagapps.ch/fr-1.html
Switzerland	CHE1	0	999	Geneva	both	1	09/05/2020	09/05/2020	0	1	https://covid-19-schweiz.bagapps.ch/fr-1.html
Switzerland	CHE1	0	999	Geneva	both	2	10/05/2020	10/05/2020	0	1	https://covid-19-schweiz.bagapps.ch/fr-1.html
Switzerland	CHE1	0	999	Geneva	both	0	11/05/2020	11/05/2020	0	1	https://covid-19-schweiz.bagapps.ch/fr-1.html
Switzerland	CHE1	0	999	Geneva	both	1	12/05/2020	12/05/2020	0	1	https://covid-19-schweiz.bagapps.ch/fr-1.html
Switzerland	CHE1	0	999	Geneva	both	1	13/05/2020	13/05/2020	0	1	https://covid-19-schweiz.bagapps.ch/fr-1.html
Switzerland	CHE1	0	999	Geneva	both	0	14/05/2020	14/05/2020	0	1	https://covid-19-schweiz.bagapps.ch/fr-1.html
Switzerland	CHE1	0	999	Geneva	both	0	15/05/2020	15/05/2020	0	1	https://covid-19-schweiz.bagapps.ch/fr-1.html
Switzerland	CHE1	0	999	Geneva	both	0	16/05/2020	16/05/2020	0	1	https://covid-19-schweiz.bagapps.ch/fr-1.html
Switzerland	CHE1	0	999	Geneva	both	1	17/05/2020	17/05/2020	0	1	https://covid-19-schweiz.bagapps.ch/fr-1.html
Switzerland	CHE1	0	999	Geneva	both	1	18/05/2020	18/05/2020	0	1	https://covid-19-schweiz.bagapps.ch/fr-1.html
Switzerland	CHE1	0	999	Geneva	both	0	19/05/2020	19/05/2020	0	1	https://covid-19-schweiz.bagapps.ch/fr-1.html
Switzerland	CHE1	0	999	Geneva	both	0	20/05/2020	20/05/2020	0	1	https://covid-19-schweiz.bagapps.ch/fr-1.html
Switzerland	CHE1	0	999	Geneva	both	1	21/05/2020	21/05/2020	0	1	https://covid-19-schweiz.bagapps.ch/fr-1.html
Switzerland	CHE1	0	999	Geneva	both	0	22/05/2020	22/05/2020	0	1	https://covid-19-schweiz.bagapps.ch/fr-1.html
Switzerland	CHE1	0	999	Geneva	both	0	23/05/2020	23/05/2020	0	1	https://covid-19-schweiz.bagapps.ch/fr-1.html
Switzerland	CHE1	0	999	Geneva	both	0	24/05/2020	24/05/2020	0	1	https://covid-19-schweiz.bagapps.ch/fr-1.html
Switzerland	CHE1	0	999	Geneva	both	0	25/05/2020	25/05/2020	0	1	https://covid-19-schweiz.bagapps.ch/fr-1.html
Switzerland	CHE1	0	999	Geneva	both	0	26/05/2020	26/05/2020	0	1	https://covid-19-schweiz.bagapps.ch/fr-1.html
Switzerland	CHE1	0	999	Geneva	both	0	27/05/2020	27/05/2020	0	1	https://covid-19-schweiz.bagapps.ch/fr-1.html
Switzerland	CHE1	0	999	Geneva	both	0	28/05/2020	28/05/2020	0	1	https://covid-19-schweiz.bagapps.ch/fr-1.html
Switzerland	CHE1	0	999	Geneva	both	0	29/05/2020	29/05/2020	0	1	https://covid-19-schweiz.bagapps.ch/fr-1.html
Switzerland	CHE1	0	999	Geneva	both	0	30/05/2020	30/05/2020	0	1	https://covid-19-schweiz.bagapps.ch/fr-1.html
Switzerland	CHE1	0	999	Geneva	both	0	31/05/2020	31/05/2020	0	1	https://covid-19-schweiz.bagapps.ch/fr-1.html
Switzerland	CHE1	0	999	Geneva	both	0	01/06/2020	01/06/2020	0	1	https://covid-19-schweiz.bagapps.ch/fr-1.html
Switzerland	CHE1	0	999	Geneva	both	0	02/06/2020	02/06/2020	0	1	https://covid-19-schweiz.bagapps.ch/fr-1.html
Switzerland	CHE1	0	999	Geneva	both	0	03/06/2020	03/06/2020	0	1	https://covid-19-schweiz.bagapps.ch/fr-1.html
Switzerland	CHE1	0	999	Geneva	both	0	04/06/2020	04/06/2020	0	1	https://covid-19-schweiz.bagapps.ch/fr-1.html
Switzerland	CHE1	0	999	Geneva	both	0	05/06/2020	05/06/2020	0	1	https://covid-19-schweiz.bagapps.ch/fr-1.html
Switzerland	CHE1	0	999	Geneva	both	0	06/06/2020	06/06/2020	0	1	https://covid-19-schweiz.bagapps.ch/fr-1.html
Switzerland	CHE1	0	999	Geneva	both	0	07/06/2020	07/06/2020	0	1	https://covid-19-schweiz.bagapps.ch/fr-1.html
Switzerland	CHE1	0	999	Geneva	both	0	08/06/2020	08/06/2020	0	1	https://covid-19-schweiz.bagapps.ch/fr-1.html
Switzerland	CHE1	0	999	Geneva	both	0	09/06/2020	09/06/2020	0	1	https://covid-19-schweiz.bagapps.ch/fr-1.html
Switzerland	CHE1	0	999	Geneva	both	1	10/06/2020	10/06/2020	0	1	https://covid-19-schweiz.bagapps.ch/fr-1.html
Switzerland	CHE1	0	999	Geneva	both	0	11/06/2020	11/06/2020	0	1	https://covid-19-schweiz.bagapps.ch/fr-1.html
Switzerland	CHE1	0	999	Geneva	both	0	12/06/2020	12/06/2020	0	1	https://covid-19-schweiz.bagapps.ch/fr-1.html
Switzerland	CHE1	0	999	Geneva	both	0	13/06/2020	13/06/2020	0	1	https://covid-19-schweiz.bagapps.ch/fr-1.html
Switzerland	CHE1	0	999	Geneva	both	0	14/06/2020	14/06/2020	0	1	https://covid-19-schweiz.bagapps.ch/fr-1.html
Switzerland	CHE1	0	999	Geneva	both	0	15/06/2020	15/06/2020	0	1	https://covid-19-schweiz.bagapps.ch/fr-1.html
Switzerland	CHE1	0	999	Geneva	both	0	16/06/2020	16/06/2020	0	1	https://covid-19-schweiz.bagapps.ch/fr-1.html
Switzerland	CHE1	0	999	Geneva	both	0	17/06/2020	17/06/2020	0	1	https://covid-19-schweiz.bagapps.ch/fr-1.html
Switzerland	CHE1	0	999	Geneva	both	0	18/06/2020	18/06/2020	0	1	https://covid-19-schweiz.bagapps.ch/fr-1.html
Switzerland	CHE1	0	999	Geneva	both	0	19/06/2020	19/06/2020	0	1	https://covid-19-schweiz.bagapps.ch/fr-1.html
Switzerland	CHE1	0	999	Geneva	both	0	20/06/2020	20/06/2020	0	1	https://covid-19-schweiz.bagapps.ch/fr-1.html
Switzerland	CHE1	0	999	Geneva	both	0	21/06/2020	21/06/2020	0	1	https://covid-19-schweiz.bagapps.ch/fr-1.html
Switzerland	CHE1	0	999	Geneva	both	0	22/06/2020	22/06/2020	0	1	https://covid-19-schweiz.bagapps.ch/fr-1.html
Switzerland	CHE1	0	999	Geneva	both	0	23/06/2020	23/06/2020	0	1	https://covid-19-schweiz.bagapps.ch/fr-1.html
Switzerland	CHE1	0	999	Geneva	both	0	24/06/2020	24/06/2020	0	1	https://covid-19-schweiz.bagapps.ch/fr-1.html
Switzerland	CHE1	0	999	Geneva	both	0	25/06/2020	25/06/2020	0	1	https://covid-19-schweiz.bagapps.ch/fr-1.html
Switzerland	CHE1	0	999	Geneva	both	0	26/06/2020	26/06/2020	0	1	https://covid-19-schweiz.bagapps.ch/fr-1.html
Switzerland	CHE1	0	999	Geneva	both	0	27/06/2020	27/06/2020	0	1	https://covid-19-schweiz.bagapps.ch/fr-1.html
Switzerland	CHE1	0	999	Geneva	both	0	28/06/2020	28/06/2020	0	1	https://covid-19-schweiz.bagapps.ch/fr-1.html
Switzerland	CHE1	0	999	Geneva	both	0	29/06/2020	29/06/2020	0	1	https://covid-19-schweiz.bagapps.ch/fr-1.html
Switzerland	CHE1	0	999	Geneva	both	0	30/06/2020	30/06/2020	0	1	https://covid-19-schweiz.bagapps.ch/fr-1.html
Switzerland	CHE1	0	999	Geneva	both	0	01/07/2020	01/07/2020	0	1	https://covid-19-schweiz.bagapps.ch/fr-1.html
Switzerland	CHE1	0	999	Geneva	both	0	02/07/2020	02/07/2020	0	1	https://covid-19-schweiz.bagapps.ch/fr-1.html
Switzerland	CHE1	0	999	Geneva	both	0	03/07/2020	03/07/2020	0	1	https://covid-19-schweiz.bagapps.ch/fr-1.html
Switzerland	CHE1	0	999	Geneva	both	0	04/07/2020	04/07/2020	0	1	https://covid-19-schweiz.bagapps.ch/fr-1.html
Switzerland	CHE1	0	999	Geneva	both	0	05/07/2020	05/07/2020	0	1	https://covid-19-schweiz.bagapps.ch/fr-1.html
Switzerland	CHE1	0	999	Geneva	both	0	06/07/2020	06/07/2020	0	1	https://covid-19-schweiz.bagapps.ch/fr-1.html
Switzerland	CHE1	0	999	Geneva	both	0	07/07/2020	07/07/2020	0	1	https://covid-19-schweiz.bagapps.ch/fr-1.html
Switzerland	CHE1	0	999	Geneva	both	0	08/07/2020	08/07/2020	0	1	https://covid-19-schweiz.bagapps.ch/fr-1.html
Switzerland	CHE1	0	999	Geneva	both	0	09/07/2020	09/07/2020	0	1	https://covid-19-schweiz.bagapps.ch/fr-1.html
Switzerland	CHE1	0	999	Geneva	both	0	10/07/2020	10/07/2020	0	1	https://covid-19-schweiz.bagapps.ch/fr-1.html
Switzerland	CHE1	0	999	Geneva	both	0	11/07/2020	11/07/2020	0	1	https://covid-19-schweiz.bagapps.ch/fr-1.html
Switzerland	CHE1	0	999	Geneva	both	0	12/07/2020	12/07/2020	0	1	https://covid-19-schweiz.bagapps.ch/fr-1.html
Switzerland	CHE1	0	999	Geneva	both	0	13/07/2020	13/07/2020	0	1	https://covid-19-schweiz.bagapps.ch/fr-1.html
Switzerland	CHE1	0	999	Geneva	both	0	14/07/2020	14/07/2020	0	1	https://covid-19-schweiz.bagapps.ch/fr-1.html
Switzerland	CHE1	0	999	Geneva	both	0	15/07/2020	15/07/2020	0	1	https://covid-19-schweiz.bagapps.ch/fr-1.html
Switzerland	CHE1	0	999	Geneva	both	0	16/07/2020	16/07/2020	0	1	https://covid-19-schweiz.bagapps.ch/fr-1.html
Switzerland	CHE1	0	999	Geneva	both	0	17/07/2020	17/07/2020	0	1	https://covid-19-schweiz.bagapps.ch/fr-1.html
Switzerland	CHE1	0	999	Geneva	both	0	18/07/2020	18/07/2020	0	1	https://covid-19-schweiz.bagapps.ch/fr-1.html
Switzerland	CHE1	0	999	Geneva	both	0	19/07/2020	19/07/2020	0	1	https://covid-19-schweiz.bagapps.ch/fr-1.html
Switzerland	CHE1	0	999	Geneva	both	0	20/07/2020	20/07/2020	0	1	https://covid-19-schweiz.bagapps.ch/fr-1.html
Switzerland	CHE1	0	999	Geneva	both	0	21/07/2020	21/07/2020	0	1	https://covid-19-schweiz.bagapps.ch/fr-1.html
Switzerland	CHE1	0	999	Geneva	both	0	22/07/2020	22/07/2020	0	1	https://covid-19-schweiz.bagapps.ch/fr-1.html
Switzerland	CHE1	0	999	Geneva	both	0	23/07/2020	23/07/2020	0	1	https://covid-19-schweiz.bagapps.ch/fr-1.html
Switzerland	CHE1	0	999	Geneva	both	0	24/07/2020	24/07/2020	0	1	https://covid-19-schweiz.bagapps.ch/fr-1.html
Switzerland	CHE1	0	999	Geneva	both	0	25/07/2020	25/07/2020	0	1	https://covid-19-schweiz.bagapps.ch/fr-1.html
Switzerland	CHE1	0	999	Geneva	both	0	26/07/2020	26/07/2020	0	1	https://covid-19-schweiz.bagapps.ch/fr-1.html
Switzerland	CHE1	0	999	Geneva	both	0	27/07/2020	27/07/2020	0	1	https://covid-19-schweiz.bagapps.ch/fr-1.html
Switzerland	CHE1	0	999	Geneva	both	0	28/07/2020	28/07/2020	0	1	https://covid-19-schweiz.bagapps.ch/fr-1.html
Switzerland	CHE1	0	999	Geneva	both	0	29/07/2020	29/07/2020	0	1	https://covid-19-schweiz.bagapps.ch/fr-1.html
Switzerland	CHE1	0	999	Geneva	both	0	30/07/2020	30/07/2020	0	1	https://covid-19-schweiz.bagapps.ch/fr-1.html
Switzerland	CHE1	0	999	Geneva	both	1	31/07/2020	31/07/2020	0	1	https://covid-19-schweiz.bagapps.ch/fr-1.html
Switzerland	CHE1	0	999	Geneva	both	0	01/08/2020	01/08/2020	0	1	https://covid-19-schweiz.bagapps.ch/fr-1.html
Switzerland	CHE1	0	999	Geneva	both	0	02/08/2020	02/08/2020	0	1	https://covid-19-schweiz.bagapps.ch/fr-1.html
Switzerland	CHE1	0	999	Geneva	both	0	03/08/2020	03/08/2020	0	1	https://covid-19-schweiz.bagapps.ch/fr-1.html
Switzerland	CHE1	0	999	Geneva	both	0	04/08/2020	04/08/2020	0	1	https://covid-19-schweiz.bagapps.ch/fr-1.html
Switzerland	CHE1	0	999	Geneva	both	0	05/08/2020	05/08/2020	0	1	https://covid-19-schweiz.bagapps.ch/fr-1.html
Switzerland	CHE1	0	999	Geneva	both	0	06/08/2020	06/08/2020	0	1	https://covid-19-schweiz.bagapps.ch/fr-1.html
Switzerland	CHE1	0	999	Geneva	both	0	07/08/2020	07/08/2020	0	1	https://covid-19-schweiz.bagapps.ch/fr-1.html
Switzerland	CHE1	0	999	Geneva	both	0	08/08/2020	08/08/2020	0	1	https://covid-19-schweiz.bagapps.ch/fr-1.html
Switzerland	CHE1	0	999	Geneva	both	0	09/08/2020	09/08/2020	0	1	https://covid-19-schweiz.bagapps.ch/fr-1.html
Switzerland	CHE1	0	999	Geneva	both	0	10/08/2020	10/08/2020	0	1	https://covid-19-schweiz.bagapps.ch/fr-1.html
Switzerland	CHE1	0	999	Geneva	both	0	11/08/2020	11/08/2020	0	1	https://covid-19-schweiz.bagapps.ch/fr-1.html
Switzerland	CHE1	0	999	Geneva	both	0	12/08/2020	12/08/2020	0	1	https://covid-19-schweiz.bagapps.ch/fr-1.html
Switzerland	CHE1	0	999	Geneva	both	0	13/08/2020	13/08/2020	0	1	https://covid-19-schweiz.bagapps.ch/fr-1.html
Switzerland	CHE1	0	999	Geneva	both	0	14/08/2020	14/08/2020	0	1	https://covid-19-schweiz.bagapps.ch/fr-1.html
Switzerland	CHE1	0	999	Geneva	both	1	15/08/2020	15/08/2020	0	1	https://covid-19-schweiz.bagapps.ch/fr-1.html
Switzerland	CHE1	0	999	Geneva	both	0	16/08/2020	16/08/2020	0	1	https://covid-19-schweiz.bagapps.ch/fr-1.html
Switzerland	CHE1	0	999	Geneva	both	0	17/08/2020	17/08/2020	0	1	https://covid-19-schweiz.bagapps.ch/fr-1.html
Switzerland	CHE2	0	999	Zurich	both	0	24/02/2020	24/02/2020	0	1	https://covid-19-schweiz.bagapps.ch/fr-1.html
Switzerland	CHE2	0	999	Zurich	both	0	25/02/2020	25/02/2020	0	1	https://covid-19-schweiz.bagapps.ch/fr-1.html
Switzerland	CHE2	0	999	Zurich	both	0	26/02/2020	26/02/2020	0	1	https://covid-19-schweiz.bagapps.ch/fr-1.html
Switzerland	CHE2	0	999	Zurich	both	0	27/02/2020	27/02/2020	0	1	https://covid-19-schweiz.bagapps.ch/fr-1.html
Switzerland	CHE2	0	999	Zurich	both	0	28/02/2020	28/02/2020	0	1	https://covid-19-schweiz.bagapps.ch/fr-1.html
Switzerland	CHE2	0	999	Zurich	both	0	29/02/2020	29/02/2020	0	1	https://covid-19-schweiz.bagapps.ch/fr-1.html
Switzerland	CHE2	0	999	Zurich	both	0	01/03/2020	01/03/2020	0	1	https://covid-19-schweiz.bagapps.ch/fr-1.html
Switzerland	CHE2	0	999	Zurich	both	0	02/03/2020	02/03/2020	0	1	https://covid-19-schweiz.bagapps.ch/fr-1.html
Switzerland	CHE2	0	999	Zurich	both	0	03/03/2020	03/03/2020	0	1	https://covid-19-schweiz.bagapps.ch/fr-1.html
Switzerland	CHE2	0	999	Zurich	both	0	04/03/2020	04/03/2020	0	1	https://covid-19-schweiz.bagapps.ch/fr-1.html
Switzerland	CHE2	0	999	Zurich	both	0	05/03/2020	05/03/2020	0	1	https://covid-19-schweiz.bagapps.ch/fr-1.html
Switzerland	CHE2	0	999	Zurich	both	0	06/03/2020	06/03/2020	0	1	https://covid-19-schweiz.bagapps.ch/fr-1.html
Switzerland	CHE2	0	999	Zurich	both	0	07/03/2020	07/03/2020	0	1	https://covid-19-schweiz.bagapps.ch/fr-1.html
Switzerland	CHE2	0	999	Zurich	both	0	08/03/2020	08/03/2020	0	1	https://covid-19-schweiz.bagapps.ch/fr-1.html
Switzerland	CHE2	0	999	Zurich	both	0	09/03/2020	09/03/2020	0	1	https://covid-19-schweiz.bagapps.ch/fr-1.html
Switzerland	CHE2	0	999	Zurich	both	0	10/03/2020	10/03/2020	0	1	https://covid-19-schweiz.bagapps.ch/fr-1.html
Switzerland	CHE2	0	999	Zurich	both	0	11/03/2020	11/03/2020	0	1	https://covid-19-schweiz.bagapps.ch/fr-1.html
Switzerland	CHE2	0	999	Zurich	both	0	12/03/2020	12/03/2020	0	1	https://covid-19-schweiz.bagapps.ch/fr-1.html
Switzerland	CHE2	0	999	Zurich	both	0	13/03/2020	13/03/2020	0	1	https://covid-19-schweiz.bagapps.ch/fr-1.html
Switzerland	CHE2	0	999	Zurich	both	0	14/03/2020	14/03/2020	0	1	https://covid-19-schweiz.bagapps.ch/fr-1.html
Switzerland	CHE2	0	999	Zurich	both	1	15/03/2020	15/03/2020	0	1	https://covid-19-schweiz.bagapps.ch/fr-1.html
Switzerland	CHE2	0	999	Zurich	both	0	16/03/2020	16/03/2020	0	1	https://covid-19-schweiz.bagapps.ch/fr-1.html
Switzerland	CHE2	0	999	Zurich	both	0	17/03/2020	17/03/2020	0	1	https://covid-19-schweiz.bagapps.ch/fr-1.html
Switzerland	CHE2	0	999	Zurich	both	1	18/03/2020	18/03/2020	0	1	https://covid-19-schweiz.bagapps.ch/fr-1.html
Switzerland	CHE2	0	999	Zurich	both	1	19/03/2020	19/03/2020	0	1	https://covid-19-schweiz.bagapps.ch/fr-1.html
Switzerland	CHE2	0	999	Zurich	both	1	20/03/2020	20/03/2020	0	1	https://covid-19-schweiz.bagapps.ch/fr-1.html
Switzerland	CHE2	0	999	Zurich	both	1	21/03/2020	21/03/2020	0	1	https://covid-19-schweiz.bagapps.ch/fr-1.html
Switzerland	CHE2	0	999	Zurich	both	1	22/03/2020	22/03/2020	0	1	https://covid-19-schweiz.bagapps.ch/fr-1.html
Switzerland	CHE2	0	999	Zurich	both	0	23/03/2020	23/03/2020	0	1	https://covid-19-schweiz.bagapps.ch/fr-1.html
Switzerland	CHE2	0	999	Zurich	both	1	24/03/2020	24/03/2020	0	1	https://covid-19-schweiz.bagapps.ch/fr-1.html
Switzerland	CHE2	0	999	Zurich	both	2	25/03/2020	25/03/2020	0	1	https://covid-19-schweiz.bagapps.ch/fr-1.html
Switzerland	CHE2	0	999	Zurich	both	3	26/03/2020	26/03/2020	0	1	https://covid-19-schweiz.bagapps.ch/fr-1.html
Switzerland	CHE2	0	999	Zurich	both	2	27/03/2020	27/03/2020	0	1	https://covid-19-schweiz.bagapps.ch/fr-1.html
Switzerland	CHE2	0	999	Zurich	both	4	28/03/2020	28/03/2020	0	1	https://covid-19-schweiz.bagapps.ch/fr-1.html
Switzerland	CHE2	0	999	Zurich	both	3	29/03/2020	29/03/2020	0	1	https://covid-19-schweiz.bagapps.ch/fr-1.html
Switzerland	CHE2	0	999	Zurich	both	1	30/03/2020	30/03/2020	0	1	https://covid-19-schweiz.bagapps.ch/fr-1.html
Switzerland	CHE2	0	999	Zurich	both	2	31/03/2020	31/03/2020	0	1	https://covid-19-schweiz.bagapps.ch/fr-1.html
Switzerland	CHE2	0	999	Zurich	both	9	01/04/2020	01/04/2020	0	1	https://covid-19-schweiz.bagapps.ch/fr-1.html
Switzerland	CHE2	0	999	Zurich	both	3	02/04/2020	02/04/2020	0	1	https://covid-19-schweiz.bagapps.ch/fr-1.html
Switzerland	CHE2	0	999	Zurich	both	2	03/04/2020	03/04/2020	0	1	https://covid-19-schweiz.bagapps.ch/fr-1.html
Switzerland	CHE2	0	999	Zurich	both	7	04/04/2020	04/04/2020	0	1	https://covid-19-schweiz.bagapps.ch/fr-1.html
Switzerland	CHE2	0	999	Zurich	both	4	05/04/2020	05/04/2020	0	1	https://covid-19-schweiz.bagapps.ch/fr-1.html
Switzerland	CHE2	0	999	Zurich	both	2	06/04/2020	06/04/2020	0	1	https://covid-19-schweiz.bagapps.ch/fr-1.html
Switzerland	CHE2	0	999	Zurich	both	2	07/04/2020	07/04/2020	0	1	https://covid-19-schweiz.bagapps.ch/fr-1.html
Switzerland	CHE2	0	999	Zurich	both	8	08/04/2020	08/04/2020	0	1	https://covid-19-schweiz.bagapps.ch/fr-1.html
Switzerland	CHE2	0	999	Zurich	both	2	09/04/2020	09/04/2020	0	1	https://covid-19-schweiz.bagapps.ch/fr-1.html
Switzerland	CHE2	0	999	Zurich	both	5	10/04/2020	10/04/2020	0	1	https://covid-19-schweiz.bagapps.ch/fr-1.html
Switzerland	CHE2	0	999	Zurich	both	6	11/04/2020	11/04/2020	0	1	https://covid-19-schweiz.bagapps.ch/fr-1.html
Switzerland	CHE2	0	999	Zurich	both	2	12/04/2020	12/04/2020	0	1	https://covid-19-schweiz.bagapps.ch/fr-1.html
Switzerland	CHE2	0	999	Zurich	both	4	13/04/2020	13/04/2020	0	1	https://covid-19-schweiz.bagapps.ch/fr-1.html
Switzerland	CHE2	0	999	Zurich	both	4	14/04/2020	14/04/2020	0	1	https://covid-19-schweiz.bagapps.ch/fr-1.html
Switzerland	CHE2	0	999	Zurich	both	4	15/04/2020	15/04/2020	0	1	https://covid-19-schweiz.bagapps.ch/fr-1.html
Switzerland	CHE2	0	999	Zurich	both	4	16/04/2020	16/04/2020	0	1	https://covid-19-schweiz.bagapps.ch/fr-1.html
Switzerland	CHE2	0	999	Zurich	both	5	17/04/2020	17/04/2020	0	1	https://covid-19-schweiz.bagapps.ch/fr-1.html
Switzerland	CHE2	0	999	Zurich	both	5	18/04/2020	18/04/2020	0	1	https://covid-19-schweiz.bagapps.ch/fr-1.html
Switzerland	CHE2	0	999	Zurich	both	0	19/04/2020	19/04/2020	0	1	https://covid-19-schweiz.bagapps.ch/fr-1.html
Switzerland	CHE2	0	999	Zurich	both	2	20/04/2020	20/04/2020	0	1	https://covid-19-schweiz.bagapps.ch/fr-1.html
Switzerland	CHE2	0	999	Zurich	both	2	21/04/2020	21/04/2020	0	1	https://covid-19-schweiz.bagapps.ch/fr-1.html
Switzerland	CHE2	0	999	Zurich	both	1	22/04/2020	22/04/2020	0	1	https://covid-19-schweiz.bagapps.ch/fr-1.html
Switzerland	CHE2	0	999	Zurich	both	3	23/04/2020	23/04/2020	0	1	https://covid-19-schweiz.bagapps.ch/fr-1.html
Switzerland	CHE2	0	999	Zurich	both	1	24/04/2020	24/04/2020	0	1	https://covid-19-schweiz.bagapps.ch/fr-1.html
Switzerland	CHE2	0	999	Zurich	both	1	25/04/2020	25/04/2020	0	1	https://covid-19-schweiz.bagapps.ch/fr-1.html
Switzerland	CHE2	0	999	Zurich	both	0	26/04/2020	26/04/2020	0	1	https://covid-19-schweiz.bagapps.ch/fr-1.html
Switzerland	CHE2	0	999	Zurich	both	4	27/04/2020	27/04/2020	0	1	https://covid-19-schweiz.bagapps.ch/fr-1.html
Switzerland	CHE2	0	999	Zurich	both	0	28/04/2020	28/04/2020	0	1	https://covid-19-schweiz.bagapps.ch/fr-1.html
Switzerland	CHE2	0	999	Zurich	both	2	29/04/2020	29/04/2020	0	1	https://covid-19-schweiz.bagapps.ch/fr-1.html
Switzerland	CHE2	0	999	Zurich	both	2	30/04/2020	30/04/2020	0	1	https://covid-19-schweiz.bagapps.ch/fr-1.html
Switzerland	CHE2	0	999	Zurich	both	0	01/05/2020	01/05/2020	0	1	https://covid-19-schweiz.bagapps.ch/fr-1.html
Switzerland	CHE2	0	999	Zurich	both	0	02/05/2020	02/05/2020	0	1	https://covid-19-schweiz.bagapps.ch/fr-1.html
Switzerland	CHE2	0	999	Zurich	both	0	03/05/2020	03/05/2020	0	1	https://covid-19-schweiz.bagapps.ch/fr-1.html
Switzerland	CHE2	0	999	Zurich	both	0	04/05/2020	04/05/2020	0	1	https://covid-19-schweiz.bagapps.ch/fr-1.html
Switzerland	CHE2	0	999	Zurich	both	1	05/05/2020	05/05/2020	0	1	https://covid-19-schweiz.bagapps.ch/fr-1.html
Switzerland	CHE2	0	999	Zurich	both	1	06/05/2020	06/05/2020	0	1	https://covid-19-schweiz.bagapps.ch/fr-1.html
Switzerland	CHE2	0	999	Zurich	both	0	07/05/2020	07/05/2020	0	1	https://covid-19-schweiz.bagapps.ch/fr-1.html
Switzerland	CHE2	0	999	Zurich	both	0	08/05/2020	08/05/2020	0	1	https://covid-19-schweiz.bagapps.ch/fr-1.html
Switzerland	CHE2	0	999	Zurich	both	1	09/05/2020	09/05/2020	0	1	https://covid-19-schweiz.bagapps.ch/fr-1.html
Switzerland	CHE2	0	999	Zurich	both	0	10/05/2020	10/05/2020	0	1	https://covid-19-schweiz.bagapps.ch/fr-1.html
Switzerland	CHE2	0	999	Zurich	both	0	11/05/2020	11/05/2020	0	1	https://covid-19-schweiz.bagapps.ch/fr-1.html
Switzerland	CHE2	0	999	Zurich	both	0	12/05/2020	12/05/2020	0	1	https://covid-19-schweiz.bagapps.ch/fr-1.html
Switzerland	CHE2	0	999	Zurich	both	0	13/05/2020	13/05/2020	0	1	https://covid-19-schweiz.bagapps.ch/fr-1.html
Switzerland	CHE2	0	999	Zurich	both	0	14/05/2020	14/05/2020	0	1	https://covid-19-schweiz.bagapps.ch/fr-1.html
Switzerland	CHE2	0	999	Zurich	both	1	15/05/2020	15/05/2020	0	1	https://covid-19-schweiz.bagapps.ch/fr-1.html
Switzerland	CHE2	0	999	Zurich	both	0	16/05/2020	16/05/2020	0	1	https://covid-19-schweiz.bagapps.ch/fr-1.html
Switzerland	CHE2	0	999	Zurich	both	0	17/05/2020	17/05/2020	0	1	https://covid-19-schweiz.bagapps.ch/fr-1.html
Switzerland	CHE2	0	999	Zurich	both	0	18/05/2020	18/05/2020	0	1	https://covid-19-schweiz.bagapps.ch/fr-1.html
Switzerland	CHE2	0	999	Zurich	both	1	19/05/2020	19/05/2020	0	1	https://covid-19-schweiz.bagapps.ch/fr-1.html
Switzerland	CHE2	0	999	Zurich	both	0	20/05/2020	20/05/2020	0	1	https://covid-19-schweiz.bagapps.ch/fr-1.html
Switzerland	CHE2	0	999	Zurich	both	1	21/05/2020	21/05/2020	0	1	https://covid-19-schweiz.bagapps.ch/fr-1.html
Switzerland	CHE2	0	999	Zurich	both	1	22/05/2020	22/05/2020	0	1	https://covid-19-schweiz.bagapps.ch/fr-1.html
Switzerland	CHE2	0	999	Zurich	both	0	23/05/2020	23/05/2020	0	1	https://covid-19-schweiz.bagapps.ch/fr-1.html
Switzerland	CHE2	0	999	Zurich	both	0	24/05/2020	24/05/2020	0	1	https://covid-19-schweiz.bagapps.ch/fr-1.html
Switzerland	CHE2	0	999	Zurich	both	0	25/05/2020	25/05/2020	0	1	https://covid-19-schweiz.bagapps.ch/fr-1.html
Switzerland	CHE2	0	999	Zurich	both	0	26/05/2020	26/05/2020	0	1	https://covid-19-schweiz.bagapps.ch/fr-1.html
Switzerland	CHE2	0	999	Zurich	both	0	27/05/2020	27/05/2020	0	1	https://covid-19-schweiz.bagapps.ch/fr-1.html
Switzerland	CHE2	0	999	Zurich	both	0	28/05/2020	28/05/2020	0	1	https://covid-19-schweiz.bagapps.ch/fr-1.html
Switzerland	CHE2	0	999	Zurich	both	0	29/05/2020	29/05/2020	0	1	https://covid-19-schweiz.bagapps.ch/fr-1.html
Switzerland	CHE2	0	999	Zurich	both	0	30/05/2020	30/05/2020	0	1	https://covid-19-schweiz.bagapps.ch/fr-1.html
Switzerland	CHE2	0	999	Zurich	both	0	31/05/2020	31/05/2020	0	1	https://covid-19-schweiz.bagapps.ch/fr-1.html
Switzerland	CHE2	0	999	Zurich	both	0	01/06/2020	01/06/2020	0	1	https://covid-19-schweiz.bagapps.ch/fr-1.html
Switzerland	CHE2	0	999	Zurich	both	0	02/06/2020	02/06/2020	0	1	https://covid-19-schweiz.bagapps.ch/fr-1.html
Switzerland	CHE2	0	999	Zurich	both	0	03/06/2020	03/06/2020	0	1	https://covid-19-schweiz.bagapps.ch/fr-1.html
Switzerland	CHE2	0	999	Zurich	both	0	04/06/2020	04/06/2020	0	1	https://covid-19-schweiz.bagapps.ch/fr-1.html
Switzerland	CHE2	0	999	Zurich	both	0	05/06/2020	05/06/2020	0	1	https://covid-19-schweiz.bagapps.ch/fr-1.html
Switzerland	CHE2	0	999	Zurich	both	0	06/06/2020	06/06/2020	0	1	https://covid-19-schweiz.bagapps.ch/fr-1.html
Switzerland	CHE2	0	999	Zurich	both	0	07/06/2020	07/06/2020	0	1	https://covid-19-schweiz.bagapps.ch/fr-1.html
Switzerland	CHE2	0	999	Zurich	both	0	08/06/2020	08/06/2020	0	1	https://covid-19-schweiz.bagapps.ch/fr-1.html
Switzerland	CHE2	0	999	Zurich	both	0	09/06/2020	09/06/2020	0	1	https://covid-19-schweiz.bagapps.ch/fr-1.html
Switzerland	CHE2	0	999	Zurich	both	0	10/06/2020	10/06/2020	0	1	https://covid-19-schweiz.bagapps.ch/fr-1.html
Switzerland	CHE2	0	999	Zurich	both	0	11/06/2020	11/06/2020	0	1	https://covid-19-schweiz.bagapps.ch/fr-1.html
Switzerland	CHE2	0	999	Zurich	both	0	12/06/2020	12/06/2020	0	1	https://covid-19-schweiz.bagapps.ch/fr-1.html
Switzerland	CHE2	0	999	Zurich	both	0	13/06/2020	13/06/2020	0	1	https://covid-19-schweiz.bagapps.ch/fr-1.html
Switzerland	CHE2	0	999	Zurich	both	0	14/06/2020	14/06/2020	0	1	https://covid-19-schweiz.bagapps.ch/fr-1.html
Switzerland	CHE2	0	999	Zurich	both	0	15/06/2020	15/06/2020	0	1	https://covid-19-schweiz.bagapps.ch/fr-1.html
Switzerland	CHE2	0	999	Zurich	both	0	16/06/2020	16/06/2020	0	1	https://covid-19-schweiz.bagapps.ch/fr-1.html
Switzerland	CHE2	0	999	Zurich	both	0	17/06/2020	17/06/2020	0	1	https://covid-19-schweiz.bagapps.ch/fr-1.html
Switzerland	CHE2	0	999	Zurich	both	0	18/06/2020	18/06/2020	0	1	https://covid-19-schweiz.bagapps.ch/fr-1.html
Switzerland	CHE2	0	999	Zurich	both	0	19/06/2020	19/06/2020	0	1	https://covid-19-schweiz.bagapps.ch/fr-1.html
Switzerland	CHE2	0	999	Zurich	both	0	20/06/2020	20/06/2020	0	1	https://covid-19-schweiz.bagapps.ch/fr-1.html
Switzerland	CHE2	0	999	Zurich	both	0	21/06/2020	21/06/2020	0	1	https://covid-19-schweiz.bagapps.ch/fr-1.html
Switzerland	CHE2	0	999	Zurich	both	0	22/06/2020	22/06/2020	0	1	https://covid-19-schweiz.bagapps.ch/fr-1.html
Switzerland	CHE2	0	999	Zurich	both	0	23/06/2020	23/06/2020	0	1	https://covid-19-schweiz.bagapps.ch/fr-1.html
Switzerland	CHE2	0	999	Zurich	both	0	24/06/2020	24/06/2020	0	1	https://covid-19-schweiz.bagapps.ch/fr-1.html
Switzerland	CHE2	0	999	Zurich	both	0	25/06/2020	25/06/2020	0	1	https://covid-19-schweiz.bagapps.ch/fr-1.html
Switzerland	CHE2	0	999	Zurich	both	0	26/06/2020	26/06/2020	0	1	https://covid-19-schweiz.bagapps.ch/fr-1.html
Switzerland	CHE2	0	999	Zurich	both	0	27/06/2020	27/06/2020	0	1	https://covid-19-schweiz.bagapps.ch/fr-1.html
Switzerland	CHE2	0	999	Zurich	both	0	28/06/2020	28/06/2020	0	1	https://covid-19-schweiz.bagapps.ch/fr-1.html
Switzerland	CHE2	0	999	Zurich	both	1	29/06/2020	29/06/2020	0	1	https://covid-19-schweiz.bagapps.ch/fr-1.html
Switzerland	CHE2	0	999	Zurich	both	0	30/06/2020	30/06/2020	0	1	https://covid-19-schweiz.bagapps.ch/fr-1.html
Switzerland	CHE2	0	999	Zurich	both	0	01/07/2020	01/07/2020	0	1	https://covid-19-schweiz.bagapps.ch/fr-1.html
Switzerland	CHE2	0	999	Zurich	both	0	02/07/2020	02/07/2020	0	1	https://covid-19-schweiz.bagapps.ch/fr-1.html
Switzerland	CHE2	0	999	Zurich	both	0	03/07/2020	03/07/2020	0	1	https://covid-19-schweiz.bagapps.ch/fr-1.html
Switzerland	CHE2	0	999	Zurich	both	0	04/07/2020	04/07/2020	0	1	https://covid-19-schweiz.bagapps.ch/fr-1.html
Switzerland	CHE2	0	999	Zurich	both	0	05/07/2020	05/07/2020	0	1	https://covid-19-schweiz.bagapps.ch/fr-1.html
Switzerland	CHE2	0	999	Zurich	both	0	06/07/2020	06/07/2020	0	1	https://covid-19-schweiz.bagapps.ch/fr-1.html
Switzerland	CHE2	0	999	Zurich	both	0	07/07/2020	07/07/2020	0	1	https://covid-19-schweiz.bagapps.ch/fr-1.html
Switzerland	CHE2	0	999	Zurich	both	2	08/07/2020	08/07/2020	0	1	https://covid-19-schweiz.bagapps.ch/fr-1.html
Switzerland	CHE2	0	999	Zurich	both	0	09/07/2020	09/07/2020	0	1	https://covid-19-schweiz.bagapps.ch/fr-1.html
Switzerland	CHE2	0	999	Zurich	both	0	10/07/2020	10/07/2020	0	1	https://covid-19-schweiz.bagapps.ch/fr-1.html
Switzerland	CHE2	0	999	Zurich	both	0	11/07/2020	11/07/2020	0	1	https://covid-19-schweiz.bagapps.ch/fr-1.html
Switzerland	CHE2	0	999	Zurich	both	0	12/07/2020	12/07/2020	0	1	https://covid-19-schweiz.bagapps.ch/fr-1.html
Switzerland	CHE2	0	999	Zurich	both	0	13/07/2020	13/07/2020	0	1	https://covid-19-schweiz.bagapps.ch/fr-1.html
Switzerland	CHE2	0	999	Zurich	both	0	14/07/2020	14/07/2020	0	1	https://covid-19-schweiz.bagapps.ch/fr-1.html
Switzerland	CHE2	0	999	Zurich	both	1	15/07/2020	15/07/2020	0	1	https://covid-19-schweiz.bagapps.ch/fr-1.html
Switzerland	CHE2	0	999	Zurich	both	0	16/07/2020	16/07/2020	0	1	https://covid-19-schweiz.bagapps.ch/fr-1.html
Switzerland	CHE2	0	999	Zurich	both	0	17/07/2020	17/07/2020	0	1	https://covid-19-schweiz.bagapps.ch/fr-1.html
Switzerland	CHE2	0	999	Zurich	both	0	18/07/2020	18/07/2020	0	1	https://covid-19-schweiz.bagapps.ch/fr-1.html
Switzerland	CHE2	0	999	Zurich	both	0	19/07/2020	19/07/2020	0	1	https://covid-19-schweiz.bagapps.ch/fr-1.html
Switzerland	CHE2	0	999	Zurich	both	1	20/07/2020	20/07/2020	0	1	https://covid-19-schweiz.bagapps.ch/fr-1.html
Switzerland	CHE2	0	999	Zurich	both	0	21/07/2020	21/07/2020	0	1	https://covid-19-schweiz.bagapps.ch/fr-1.html
Switzerland	CHE2	0	999	Zurich	both	0	22/07/2020	22/07/2020	0	1	https://covid-19-schweiz.bagapps.ch/fr-1.html
Switzerland	CHE2	0	999	Zurich	both	0	23/07/2020	23/07/2020	0	1	https://covid-19-schweiz.bagapps.ch/fr-1.html
Switzerland	CHE2	0	999	Zurich	both	1	24/07/2020	24/07/2020	0	1	https://covid-19-schweiz.bagapps.ch/fr-1.html
Switzerland	CHE2	0	999	Zurich	both	0	25/07/2020	25/07/2020	0	1	https://covid-19-schweiz.bagapps.ch/fr-1.html
Switzerland	CHE2	0	999	Zurich	both	0	26/07/2020	26/07/2020	0	1	https://covid-19-schweiz.bagapps.ch/fr-1.html
Switzerland	CHE2	0	999	Zurich	both	0	27/07/2020	27/07/2020	0	1	https://covid-19-schweiz.bagapps.ch/fr-1.html
Switzerland	CHE2	0	999	Zurich	both	0	28/07/2020	28/07/2020	0	1	https://covid-19-schweiz.bagapps.ch/fr-1.html
Switzerland	CHE2	0	999	Zurich	both	0	29/07/2020	29/07/2020	0	1	https://covid-19-schweiz.bagapps.ch/fr-1.html
Switzerland	CHE2	0	999	Zurich	both	0	30/07/2020	30/07/2020	0	1	https://covid-19-schweiz.bagapps.ch/fr-1.html
Switzerland	CHE2	0	999	Zurich	both	0	31/07/2020	31/07/2020	0	1	https://covid-19-schweiz.bagapps.ch/fr-1.html
Switzerland	CHE2	0	999	Zurich	both	0	01/08/2020	01/08/2020	0	1	https://covid-19-schweiz.bagapps.ch/fr-1.html
Switzerland	CHE2	0	999	Zurich	both	0	02/08/2020	02/08/2020	0	1	https://covid-19-schweiz.bagapps.ch/fr-1.html
Switzerland	CHE2	0	999	Zurich	both	0	03/08/2020	03/08/2020	0	1	https://covid-19-schweiz.bagapps.ch/fr-1.html
Switzerland	CHE2	0	999	Zurich	both	1	04/08/2020	04/08/2020	0	1	https://covid-19-schweiz.bagapps.ch/fr-1.html
Switzerland	CHE2	0	999	Zurich	both	0	05/08/2020	05/08/2020	0	1	https://covid-19-schweiz.bagapps.ch/fr-1.html
Switzerland	CHE2	0	999	Zurich	both	1	06/08/2020	06/08/2020	0	1	https://covid-19-schweiz.bagapps.ch/fr-1.html
Switzerland	CHE2	0	999	Zurich	both	0	07/08/2020	07/08/2020	0	1	https://covid-19-schweiz.bagapps.ch/fr-1.html
Switzerland	CHE2	0	999	Zurich	both	0	08/08/2020	08/08/2020	0	1	https://covid-19-schweiz.bagapps.ch/fr-1.html
Switzerland	CHE2	0	999	Zurich	both	0	09/08/2020	09/08/2020	0	1	https://covid-19-schweiz.bagapps.ch/fr-1.html
Switzerland	CHE2	0	999	Zurich	both	1	10/08/2020	10/08/2020	0	1	https://covid-19-schweiz.bagapps.ch/fr-1.html
Switzerland	CHE2	0	999	Zurich	both	0	11/08/2020	11/08/2020	0	1	https://covid-19-schweiz.bagapps.ch/fr-1.html
Switzerland	CHE2	0	999	Zurich	both	0	12/08/2020	12/08/2020	0	1	https://covid-19-schweiz.bagapps.ch/fr-1.html
Switzerland	CHE2	0	999	Zurich	both	0	13/08/2020	13/08/2020	0	1	https://covid-19-schweiz.bagapps.ch/fr-1.html
Switzerland	CHE2	0	999	Zurich	both	0	14/08/2020	14/08/2020	0	1	https://covid-19-schweiz.bagapps.ch/fr-1.html
Switzerland	CHE2	0	999	Zurich	both	0	15/08/2020	15/08/2020	0	1	https://covid-19-schweiz.bagapps.ch/fr-1.html
Switzerland	CHE2	0	999	Zurich	both	0	16/08/2020	16/08/2020	0	1	https://covid-19-schweiz.bagapps.ch/fr-1.html
Switzerland	CHE2	0	999	Zurich	both	0	17/08/2020	17/08/2020	0	1	https://covid-19-schweiz.bagapps.ch/fr-1.html
China	CHN1	0	999	Wuhan	both	2	10/01/2020	10/01/2020	0	1	http://wjw.wuhan.gov.cn/xwzx_28/gsgg/
China	CHN1	0	999	Wuhan	both	0	11/01/2020	11/01/2020	0	1	http://wjw.wuhan.gov.cn/xwzx_28/gsgg/
China	CHN1	0	999	Wuhan	both	0	12/01/2020	12/01/2020	0	1	http://wjw.wuhan.gov.cn/xwzx_28/gsgg/
China	CHN1	0	999	Wuhan	both	0	13/01/2020	13/01/2020	0	1	http://wjw.wuhan.gov.cn/xwzx_28/gsgg/
China	CHN1	0	999	Wuhan	both	0	14/01/2020	14/01/2020	0	1	http://wjw.wuhan.gov.cn/xwzx_28/gsgg/
China	CHN1	0	999	Wuhan	both	2	15/01/2020	15/01/2020	0	1	http://wjw.wuhan.gov.cn/xwzx_28/gsgg/
China	CHN1	0	999	Wuhan	both	0	16/01/2020	16/01/2020	0	1	http://wjw.wuhan.gov.cn/xwzx_28/gsgg/
China	CHN1	0	999	Wuhan	both	0	17/01/2020	17/01/2020	0	1	http://wjw.wuhan.gov.cn/xwzx_28/gsgg/
China	CHN1	0	999	Wuhan	both	2	18/01/2020	18/01/2020	0	1	http://wjw.wuhan.gov.cn/xwzx_28/gsgg/
China	CHN1	0	999	Wuhan	both	2	19/01/2020	19/01/2020	0	1	http://wjw.wuhan.gov.cn/xwzx_28/gsgg/
China	CHN1	0	999	Wuhan	both	3	20/01/2020	20/01/2020	0	1	http://wjw.wuhan.gov.cn/xwzx_28/gsgg/
China	CHN1	0	999	Wuhan	both	5	21/01/2020	21/01/2020	0	1	http://wjw.wuhan.gov.cn/xwzx_28/gsgg/
China	CHN1	0	999	Wuhan	both	12	22/01/2020	22/01/2020	0	1	http://wjw.wuhan.gov.cn/xwzx_28/gsgg/
China	CHN1	0	999	Wuhan	both	9	23/01/2020	23/01/2020	0	1	http://wjw.wuhan.gov.cn/xwzx_28/gsgg/
China	CHN1	0	999	Wuhan	both	23	24/01/2020	24/01/2020	0	1	http://wjw.wuhan.gov.cn/xwzx_28/gsgg/
China	CHN1	0	999	Wuhan	both	11	25/01/2020	25/01/2020	0	1	http://wjw.wuhan.gov.cn/xwzx_28/gsgg/
China	CHN1	0	999	Wuhan	both	27	26/01/2020	26/01/2020	0	1	http://wjw.wuhan.gov.cn/xwzx_28/gsgg/
China	CHN1	0	999	Wuhan	both	33	27/01/2020	27/01/2020	0	1	http://wjw.wuhan.gov.cn/xwzx_28/gsgg/
China	CHN1	0	999	Wuhan	both	29	28/01/2020	28/01/2020	0	1	http://wjw.wuhan.gov.cn/xwzx_28/gsgg/
China	CHN1	0	999	Wuhan	both	38	29/01/2020	29/01/2020	0	1	http://wjw.wuhan.gov.cn/xwzx_28/gsgg/
China	CHN1	0	999	Wuhan	both	45	30/01/2020	30/01/2020	0	1	http://wjw.wuhan.gov.cn/xwzx_28/gsgg/
China	CHN1	0	999	Wuhan	both	50	31/01/2020	31/01/2020	0	1	http://wjw.wuhan.gov.cn/xwzx_28/gsgg/
China	CHN1	0	999	Wuhan	both	48	01/02/2020	01/02/2020	0	1	http://wjw.wuhan.gov.cn/xwzx_28/gsgg/
China	CHN1	0	999	Wuhan	both	62	02/02/2020	02/02/2020	0	1	http://wjw.wuhan.gov.cn/xwzx_28/gsgg/
China	CHN1	0	999	Wuhan	both	72	03/02/2020	03/02/2020	0	1	http://wjw.wuhan.gov.cn/xwzx_28/gsgg/
China	CHN1	0	999	Wuhan	both	74	04/02/2020	04/02/2020	0	1	http://wjw.wuhan.gov.cn/xwzx_28/gsgg/
China	CHN1	0	999	Wuhan	both	78	05/02/2020	05/02/2020	0	1	http://wjw.wuhan.gov.cn/xwzx_28/gsgg/
China	CHN1	0	999	Wuhan	both	96	06/02/2020	06/02/2020	0	1	http://wjw.wuhan.gov.cn/xwzx_28/gsgg/
China	CHN1	0	999	Wuhan	both	101	07/02/2020	07/02/2020	0	1	http://wjw.wuhan.gov.cn/xwzx_28/gsgg/
China	CHN1	0	999	Wuhan	both	95	08/02/2020	08/02/2020	0	1	http://wjw.wuhan.gov.cn/xwzx_28/gsgg/
China	CHN1	0	999	Wuhan	both	110	09/02/2020	09/02/2020	0	1	http://wjw.wuhan.gov.cn/xwzx_28/gsgg/
China	CHN1	0	999	Wuhan	both	101	10/02/2020	10/02/2020	0	1	http://wjw.wuhan.gov.cn/xwzx_28/gsgg/
China	CHN1	0	999	Wuhan	both	108	11/02/2020	11/02/2020	0	1	http://wjw.wuhan.gov.cn/xwzx_28/gsgg/
China	CHN1	0	999	Wuhan	both	162	12/02/2020	12/02/2020	0	1	http://wjw.wuhan.gov.cn/xwzx_28/gsgg/
China	CHN1	0	999	Wuhan	both	132	13/02/2020	13/02/2020	0	1	http://wjw.wuhan.gov.cn/xwzx_28/gsgg/
China	CHN1	0	999	Wuhan	both	161	14/02/2020	14/02/2020	0	1	http://wjw.wuhan.gov.cn/xwzx_28/gsgg/
China	CHN1	0	999	Wuhan	both	165	15/02/2020	15/02/2020	0	1	http://wjw.wuhan.gov.cn/xwzx_28/gsgg/
China	CHN1	0	999	Wuhan	both	114	16/02/2020	16/02/2020	0	1	http://wjw.wuhan.gov.cn/xwzx_28/gsgg/
China	CHN1	0	999	Wuhan	both	108	17/02/2020	17/02/2020	0	1	http://wjw.wuhan.gov.cn/xwzx_28/gsgg/
China	CHN1	0	999	Wuhan	both	174	18/02/2020	18/02/2020	0	1	http://wjw.wuhan.gov.cn/xwzx_28/gsgg/
China	CHN1	0	999	Wuhan	both	132	19/02/2020	19/02/2020	0	1	http://wjw.wuhan.gov.cn/xwzx_28/gsgg/
China	CHN1	0	999	Wuhan	both	149	20/02/2020	20/02/2020	0	1	http://wjw.wuhan.gov.cn/xwzx_28/gsgg/
China	CHN1	0	999	Wuhan	both	135	21/02/2020	21/02/2020	0	1	http://wjw.wuhan.gov.cn/xwzx_28/gsgg/
China	CHN1	0	999	Wuhan	both	123	22/02/2020	22/02/2020	0	1	http://wjw.wuhan.gov.cn/xwzx_28/gsgg/
China	CHN1	0	999	Wuhan	both	197	23/02/2020	23/02/2020	0	1	http://wjw.wuhan.gov.cn/xwzx_28/gsgg/
China	CHN1	0	999	Wuhan	both	84	24/02/2020	24/02/2020	0	1	http://wjw.wuhan.gov.cn/xwzx_28/gsgg/
China	CHN1	0	999	Wuhan	both	63	25/02/2020	25/02/2020	0	1	http://wjw.wuhan.gov.cn/xwzx_28/gsgg/
China	CHN1	0	999	Wuhan	both	29	26/02/2020	26/02/2020	0	1	http://wjw.wuhan.gov.cn/xwzx_28/gsgg/
China	CHN1	0	999	Wuhan	both	42	27/02/2020	27/02/2020	0	1	http://wjw.wuhan.gov.cn/xwzx_28/gsgg/
China	CHN1	0	999	Wuhan	both	56	28/02/2020	28/02/2020	0	1	http://wjw.wuhan.gov.cn/xwzx_28/gsgg/
China	CHN1	0	999	Wuhan	both	39	29/02/2020	29/02/2020	0	1	http://wjw.wuhan.gov.cn/xwzx_28/gsgg/
China	CHN1	0	999	Wuhan	both	48	01/03/2020	01/03/2020	0	1	http://wjw.wuhan.gov.cn/xwzx_28/gsgg/
China	CHN1	0	999	Wuhan	both	36	02/03/2020	02/03/2020	0	1	http://wjw.wuhan.gov.cn/xwzx_28/gsgg/
China	CHN1	0	999	Wuhan	both	47	03/03/2020	03/03/2020	0	1	http://wjw.wuhan.gov.cn/xwzx_28/gsgg/
China	CHN1	0	999	Wuhan	both	35	04/03/2020	04/03/2020	0	1	http://wjw.wuhan.gov.cn/xwzx_28/gsgg/
China	CHN1	0	999	Wuhan	both	35	05/03/2020	05/03/2020	0	1	http://wjw.wuhan.gov.cn/xwzx_28/gsgg/
China	CHN1	0	999	Wuhan	both	32	06/03/2020	06/03/2020	0	1	http://wjw.wuhan.gov.cn/xwzx_28/gsgg/
China	CHN1	0	999	Wuhan	both	32	07/03/2020	07/03/2020	0	1	http://wjw.wuhan.gov.cn/xwzx_28/gsgg/
China	CHN1	0	999	Wuhan	both	27	08/03/2020	08/03/2020	0	1	http://wjw.wuhan.gov.cn/xwzx_28/gsgg/
China	CHN1	0	999	Wuhan	both	24	09/03/2020	09/03/2020	0	1	http://wjw.wuhan.gov.cn/xwzx_28/gsgg/
China	CHN1	0	999	Wuhan	both	29	10/03/2020	10/03/2020	0	1	http://wjw.wuhan.gov.cn/xwzx_28/gsgg/
China	CHN1	0	999	Wuhan	both	11	11/03/2020	11/03/2020	0	1	http://wjw.wuhan.gov.cn/xwzx_28/gsgg/
China	CHN1	0	999	Wuhan	both	9	12/03/2020	12/03/2020	0	1	http://wjw.wuhan.gov.cn/xwzx_28/gsgg/
China	CHN1	0	999	Wuhan	both	15	13/03/2020	13/03/2020	0	1	http://wjw.wuhan.gov.cn/xwzx_28/gsgg/
China	CHN1	0	999	Wuhan	both	15	14/03/2020	14/03/2020	0	1	http://wjw.wuhan.gov.cn/xwzx_28/gsgg/
China	CHN1	0	999	Wuhan	both	20	15/03/2020	15/03/2020	0	1	http://wjw.wuhan.gov.cn/xwzx_28/gsgg/
China	CHN1	0	999	Wuhan	both	17	16/03/2020	16/03/2020	0	1	http://wjw.wuhan.gov.cn/xwzx_28/gsgg/
China	CHN1	0	999	Wuhan	both	15	17/03/2020	17/03/2020	0	1	http://wjw.wuhan.gov.cn/xwzx_28/gsgg/
China	CHN1	0	999	Wuhan	both	9	18/03/2020	18/03/2020	0	1	http://wjw.wuhan.gov.cn/xwzx_28/gsgg/
China	CHN1	0	999	Wuhan	both	3	19/03/2020	19/03/2020	0	1	http://wjw.wuhan.gov.cn/xwzx_28/gsgg/
China	CHN1	0	999	Wuhan	both	9	20/03/2020	20/03/2020	0	1	http://wjw.wuhan.gov.cn/xwzx_28/gsgg/
China	CHN1	0	999	Wuhan	both	6	21/03/2020	21/03/2020	0	1	http://wjw.wuhan.gov.cn/xwzx_28/gsgg/
China	CHN1	0	999	Wuhan	both	14	22/03/2020	22/03/2020	0	1	http://wjw.wuhan.gov.cn/xwzx_28/gsgg/
China	CHN1	0	999	Wuhan	both	11	23/03/2020	23/03/2020	0	1	http://wjw.wuhan.gov.cn/xwzx_28/gsgg/
China	CHN1	0	999	Wuhan	both	3	24/03/2020	24/03/2020	0	1	http://wjw.wuhan.gov.cn/xwzx_28/gsgg/
China	CHN1	0	999	Wuhan	both	8	25/03/2020	25/03/2020	0	1	http://wjw.wuhan.gov.cn/xwzx_28/gsgg/
China	CHN1	0	999	Wuhan	both	6	26/03/2020	26/03/2020	0	1	http://wjw.wuhan.gov.cn/xwzx_28/gsgg/
China	CHN1	0	999	Wuhan	both	5	27/03/2020	27/03/2020	0	1	http://wjw.wuhan.gov.cn/xwzx_28/gsgg/
China	CHN1	0	999	Wuhan	both	8	28/03/2020	28/03/2020	0	1	http://wjw.wuhan.gov.cn/xwzx_28/gsgg/
China	CHN1	0	999	Wuhan	both	6	29/03/2020	29/03/2020	0	1	http://wjw.wuhan.gov.cn/xwzx_28/gsgg/
China	CHN1	0	999	Wuhan	both	2	30/03/2020	30/03/2020	0	1	http://wjw.wuhan.gov.cn/xwzx_28/gsgg/
China	CHN1	0	999	Wuhan	both	8	31/03/2020	31/03/2020	0	1	http://wjw.wuhan.gov.cn/xwzx_28/gsgg/
China	CHN1	0	999	Wuhan	both	9	01/04/2020	01/04/2020	0	1	http://wjw.wuhan.gov.cn/xwzx_28/gsgg/
China	CHN1	0	999	Wuhan	both	6	02/04/2020	02/04/2020	0	1	http://wjw.wuhan.gov.cn/xwzx_28/gsgg/
China	CHN1	0	999	Wuhan	both	6	03/04/2020	03/04/2020	0	1	http://wjw.wuhan.gov.cn/xwzx_28/gsgg/
China	CHN1	0	999	Wuhan	both	5	04/04/2020	04/04/2020	0	1	http://wjw.wuhan.gov.cn/xwzx_28/gsgg/
China	CHN1	0	999	Wuhan	both	2	05/04/2020	05/04/2020	0	1	http://wjw.wuhan.gov.cn/xwzx_28/gsgg/
China	CHN1	0	999	Wuhan	both	0	06/04/2020	06/04/2020	0	1	http://wjw.wuhan.gov.cn/xwzx_28/gsgg/
China	CHN1	0	999	Wuhan	both	2	07/04/2020	07/04/2020	0	1	http://wjw.wuhan.gov.cn/xwzx_28/gsgg/
China	CHN1	0	999	Wuhan	both	3	08/04/2020	08/04/2020	0	1	http://wjw.wuhan.gov.cn/xwzx_28/gsgg/
China	CHN1	0	999	Wuhan	both	2	09/04/2020	09/04/2020	0	1	http://wjw.wuhan.gov.cn/xwzx_28/gsgg/
China	CHN1	0	999	Wuhan	both	3	10/04/2020	10/04/2020	0	1	http://wjw.wuhan.gov.cn/xwzx_28/gsgg/
China	CHN1	0	999	Wuhan	both	0	11/04/2020	11/04/2020	0	1	http://wjw.wuhan.gov.cn/xwzx_28/gsgg/
China	CHN1	0	999	Wuhan	both	3	12/04/2020	12/04/2020	0	1	http://wjw.wuhan.gov.cn/xwzx_28/gsgg/
China	CHN1	0	999	Wuhan	both	0	13/04/2020	13/04/2020	0	1	http://wjw.wuhan.gov.cn/xwzx_28/gsgg/
China	CHN1	0	999	Wuhan	both	0	14/04/2020	14/04/2020	0	1	http://wjw.wuhan.gov.cn/xwzx_28/gsgg/
China	CHN1	0	999	Wuhan	both	0	15/04/2020	15/04/2020	0	1	http://wjw.wuhan.gov.cn/xwzx_28/gsgg/
China	CHN1	0	999	Wuhan	both	0	16/04/2020	16/04/2020	0	1	http://wjw.wuhan.gov.cn/xwzx_28/gsgg/
China	CHN1	0	999	Wuhan	both	0	17/04/2020	17/04/2020	0	1	http://wjw.wuhan.gov.cn/xwzx_28/gsgg/
China	CHN1	0	999	Wuhan	both	0	18/04/2020	18/04/2020	0	1	http://wjw.wuhan.gov.cn/xwzx_28/gsgg/
China	CHN1	0	999	Wuhan	both	0	19/04/2020	19/04/2020	0	1	http://wjw.wuhan.gov.cn/xwzx_28/gsgg/
China	CHN1	0	999	Wuhan	both	0	20/04/2020	20/04/2020	0	1	http://wjw.wuhan.gov.cn/xwzx_28/gsgg/
China	CHN1	0	999	Wuhan	both	0	21/04/2020	21/04/2020	0	1	http://wjw.wuhan.gov.cn/xwzx_28/gsgg/
China	CHN1	0	999	Wuhan	both	0	22/04/2020	22/04/2020	0	1	http://wjw.wuhan.gov.cn/xwzx_28/gsgg/
China	CHN1	0	999	Wuhan	both	0	23/04/2020	23/04/2020	0	1	http://wjw.wuhan.gov.cn/xwzx_28/gsgg/
China	CHN1	0	999	Wuhan	both	0	24/04/2020	24/04/2020	0	1	http://wjw.wuhan.gov.cn/xwzx_28/gsgg/
China	CHN1	0	999	Wuhan	both	0	25/04/2020	25/04/2020	0	1	http://wjw.wuhan.gov.cn/xwzx_28/gsgg/
China	CHN1	0	999	Wuhan	both	0	26/04/2020	26/04/2020	0	1	http://wjw.wuhan.gov.cn/xwzx_28/gsgg/
China	CHN1	0	999	Wuhan	both	0	27/04/2020	27/04/2020	0	1	http://wjw.wuhan.gov.cn/xwzx_28/gsgg/
China	CHN1	0	999	Wuhan	both	0	28/04/2020	28/04/2020	0	1	http://wjw.wuhan.gov.cn/xwzx_28/gsgg/
China	CHN1	0	999	Wuhan	both	0	29/04/2020	29/04/2020	0	1	http://wjw.wuhan.gov.cn/xwzx_28/gsgg/
China	CHN1	0	999	Wuhan	both	0	30/04/2020	30/04/2020	0	1	http://wjw.wuhan.gov.cn/xwzx_28/gsgg/
China	CHN1	0	999	Wuhan	both	0	01/05/2020	01/05/2020	0	1	http://wjw.wuhan.gov.cn/xwzx_28/gsgg/
China	CHN1	0	999	Wuhan	both	0	02/05/2020	02/05/2020	0	1	http://wjw.wuhan.gov.cn/xwzx_28/gsgg/
China	CHN1	0	999	Wuhan	both	0	03/05/2020	03/05/2020	0	1	http://wjw.wuhan.gov.cn/xwzx_28/gsgg/
China	CHN1	0	999	Wuhan	both	0	04/05/2020	04/05/2020	0	1	http://wjw.wuhan.gov.cn/xwzx_28/gsgg/
China	CHN1	0	999	Wuhan	both	0	05/05/2020	05/05/2020	0	1	http://wjw.wuhan.gov.cn/xwzx_28/gsgg/
China	CHN1	0	999	Wuhan	both	0	06/05/2020	06/05/2020	0	1	http://wjw.wuhan.gov.cn/xwzx_28/gsgg/
China	CHN1	0	999	Wuhan	both	0	07/05/2020	07/05/2020	0	1	http://wjw.wuhan.gov.cn/xwzx_28/gsgg/
China	CHN1	0	999	Wuhan	both	0	08/05/2020	08/05/2020	0	1	http://wjw.wuhan.gov.cn/xwzx_28/gsgg/
China	CHN1	0	999	Wuhan	both	0	09/05/2020	09/05/2020	0	1	http://wjw.wuhan.gov.cn/xwzx_28/gsgg/
China	CHN1	0	999	Wuhan	both	0	10/05/2020	10/05/2020	0	1	http://wjw.wuhan.gov.cn/xwzx_28/gsgg/
China	CHN1	0	999	Wuhan	both	0	11/05/2020	11/05/2020	0	1	http://wjw.wuhan.gov.cn/xwzx_28/gsgg/
China	CHN1	0	999	Wuhan	both	0	12/05/2020	12/05/2020	0	1	http://wjw.wuhan.gov.cn/xwzx_28/gsgg/
China	CHN1	0	999	Wuhan	both	0	13/05/2020	13/05/2020	0	1	http://wjw.wuhan.gov.cn/xwzx_28/gsgg/
China	CHN1	0	999	Wuhan	both	0	14/05/2020	14/05/2020	0	1	http://wjw.wuhan.gov.cn/xwzx_28/gsgg/
China	CHN1	0	999	Wuhan	both	0	15/05/2020	15/05/2020	0	1	http://wjw.wuhan.gov.cn/xwzx_28/gsgg/
China	CHN1	0	999	Wuhan	both	0	16/05/2020	16/05/2020	0	1	http://wjw.wuhan.gov.cn/xwzx_28/gsgg/
China	CHN1	0	999	Wuhan	both	0	17/05/2020	17/05/2020	0	1	http://wjw.wuhan.gov.cn/xwzx_28/gsgg/
China	CHN1	0	999	Wuhan	both	0	18/05/2020	18/05/2020	0	1	http://wjw.wuhan.gov.cn/xwzx_28/gsgg/
China	CHN1	0	999	Wuhan	both	0	19/05/2020	19/05/2020	0	1	http://wjw.wuhan.gov.cn/xwzx_28/gsgg/
China	CHN1	0	999	Wuhan	both	0	20/05/2020	20/05/2020	0	1	http://wjw.wuhan.gov.cn/xwzx_28/gsgg/
China	CHN1	0	999	Wuhan	both	0	21/05/2020	21/05/2020	0	1	http://wjw.wuhan.gov.cn/xwzx_28/gsgg/
China	CHN1	0	999	Wuhan	both	0	22/05/2020	22/05/2020	0	1	http://wjw.wuhan.gov.cn/xwzx_28/gsgg/
China	CHN1	0	999	Wuhan	both	0	23/05/2020	23/05/2020	0	1	http://wjw.wuhan.gov.cn/xwzx_28/gsgg/
China	CHN1	0	999	Wuhan	both	0	24/05/2020	24/05/2020	0	1	http://wjw.wuhan.gov.cn/xwzx_28/gsgg/
China	CHN1	0	999	Wuhan	both	0	25/05/2020	25/05/2020	0	1	http://wjw.wuhan.gov.cn/xwzx_28/gsgg/
China	CHN1	0	999	Wuhan	both	0	26/05/2020	26/05/2020	0	1	http://wjw.wuhan.gov.cn/xwzx_28/gsgg/
China	CHN1	0	999	Wuhan	both	0	27/05/2020	27/05/2020	0	1	http://wjw.wuhan.gov.cn/xwzx_28/gsgg/
China	CHN1	0	999	Wuhan	both	0	28/05/2020	28/05/2020	0	1	http://wjw.wuhan.gov.cn/xwzx_28/gsgg/
China	CHN1	0	999	Wuhan	both	0	29/05/2020	29/05/2020	0	1	http://wjw.wuhan.gov.cn/xwzx_28/gsgg/
China	CHN1	0	999	Wuhan	both	0	30/05/2020	30/05/2020	0	1	http://wjw.wuhan.gov.cn/xwzx_28/gsgg/
China	CHN1	0	999	Wuhan	both	0	31/05/2020	31/05/2020	0	1	http://wjw.wuhan.gov.cn/xwzx_28/gsgg/
China	CHN1	0	999	Wuhan	both	0	01/06/2020	01/06/2020	0	1	http://wjw.wuhan.gov.cn/xwzx_28/gsgg/
China	CHN1	0	999	Wuhan	both	0	02/06/2020	02/06/2020	0	1	http://wjw.wuhan.gov.cn/xwzx_28/gsgg/
China	CHN1	0	999	Wuhan	both	0	03/06/2020	03/06/2020	0	1	http://wjw.wuhan.gov.cn/xwzx_28/gsgg/
China	CHN1	0	999	Wuhan	both	0	04/06/2020	04/06/2020	0	1	http://wjw.wuhan.gov.cn/xwzx_28/gsgg/
China	CHN1	0	999	Wuhan	both	0	05/06/2020	05/06/2020	0	1	http://wjw.wuhan.gov.cn/xwzx_28/gsgg/
China	CHN1	0	999	Wuhan	both	0	06/06/2020	06/06/2020	0	1	http://wjw.wuhan.gov.cn/xwzx_28/gsgg/
China	CHN1	0	999	Wuhan	both	0	07/06/2020	07/06/2020	0	1	http://wjw.wuhan.gov.cn/xwzx_28/gsgg/
China	CHN1	0	999	Wuhan	both	0	08/06/2020	08/06/2020	0	1	http://wjw.wuhan.gov.cn/xwzx_28/gsgg/
China	CHN1	0	999	Wuhan	both	0	09/06/2020	09/06/2020	0	1	http://wjw.wuhan.gov.cn/xwzx_28/gsgg/
China	CHN1	0	999	Wuhan	both	0	10/06/2020	10/06/2020	0	1	http://wjw.wuhan.gov.cn/xwzx_28/gsgg/
China	CHN1	0	999	Wuhan	both	0	11/06/2020	11/06/2020	0	1	http://wjw.wuhan.gov.cn/xwzx_28/gsgg/
China	CHN1	0	999	Wuhan	both	0	12/06/2020	12/06/2020	0	1	http://wjw.wuhan.gov.cn/xwzx_28/gsgg/
China	CHN1	0	999	Wuhan	both	0	13/06/2020	13/06/2020	0	1	http://wjw.wuhan.gov.cn/xwzx_28/gsgg/
China	CHN1	0	999	Wuhan	both	0	14/06/2020	14/06/2020	0	1	http://wjw.wuhan.gov.cn/xwzx_28/gsgg/
China	CHN1	0	999	Wuhan	both	0	15/06/2020	15/06/2020	0	1	http://wjw.wuhan.gov.cn/xwzx_28/gsgg/
China	CHN1	0	999	Wuhan	both	0	16/06/2020	16/06/2020	0	1	http://wjw.wuhan.gov.cn/xwzx_28/gsgg/
China	CHN1	0	999	Wuhan	both	0	17/06/2020	17/06/2020	0	1	http://wjw.wuhan.gov.cn/xwzx_28/gsgg/
China	CHN1	0	999	Wuhan	both	0	18/06/2020	18/06/2020	0	1	http://wjw.wuhan.gov.cn/xwzx_28/gsgg/
China	CHN1	0	999	Wuhan	both	0	19/06/2020	19/06/2020	0	1	http://wjw.wuhan.gov.cn/xwzx_28/gsgg/
China	CHN1	0	999	Wuhan	both	0	20/06/2020	20/06/2020	0	1	http://wjw.wuhan.gov.cn/xwzx_28/gsgg/
China	CHN1	0	999	Wuhan	both	0	21/06/2020	21/06/2020	0	1	http://wjw.wuhan.gov.cn/xwzx_28/gsgg/
China	CHN1	0	999	Wuhan	both	0	22/06/2020	22/06/2020	0	1	http://wjw.wuhan.gov.cn/xwzx_28/gsgg/
China	CHN1	0	999	Wuhan	both	0	23/06/2020	23/06/2020	0	1	http://wjw.wuhan.gov.cn/xwzx_28/gsgg/
China	CHN1	0	999	Wuhan	both	0	24/06/2020	24/06/2020	0	1	http://wjw.wuhan.gov.cn/xwzx_28/gsgg/
China	CHN1	0	999	Wuhan	both	0	25/06/2020	25/06/2020	0	1	http://wjw.wuhan.gov.cn/xwzx_28/gsgg/
China	CHN1	0	999	Wuhan	both	0	26/06/2020	26/06/2020	0	1	http://wjw.wuhan.gov.cn/xwzx_28/gsgg/
China	CHN1	0	999	Wuhan	both	0	27/06/2020	27/06/2020	0	1	http://wjw.wuhan.gov.cn/xwzx_28/gsgg/
China	CHN1	0	999	Wuhan	both	0	28/06/2020	28/06/2020	0	1	http://wjw.wuhan.gov.cn/xwzx_28/gsgg/
China	CHN1	0	999	Wuhan	both	0	29/06/2020	29/06/2020	0	1	http://wjw.wuhan.gov.cn/xwzx_28/gsgg/
China	CHN1	0	999	Wuhan	both	0	30/06/2020	30/06/2020	0	1	http://wjw.wuhan.gov.cn/xwzx_28/gsgg/
China	CHN1	0	999	Wuhan	both	0	01/07/2020	01/07/2020	0	1	http://wjw.wuhan.gov.cn/xwzx_28/gsgg/
China	CHN1	0	999	Wuhan	both	0	02/07/2020	02/07/2020	0	1	http://wjw.wuhan.gov.cn/xwzx_28/gsgg/
China	CHN1	0	999	Wuhan	both	0	03/07/2020	03/07/2020	0	1	http://wjw.wuhan.gov.cn/xwzx_28/gsgg/
China	CHN1	0	999	Wuhan	both	0	04/07/2020	04/07/2020	0	1	http://wjw.wuhan.gov.cn/xwzx_28/gsgg/
China	CHN1	0	999	Wuhan	both	0	05/07/2020	05/07/2020	0	1	http://wjw.wuhan.gov.cn/xwzx_28/gsgg/
China	CHN1	0	999	Wuhan	both	0	06/07/2020	06/07/2020	0	1	http://wjw.wuhan.gov.cn/xwzx_28/gsgg/
China	CHN1	0	999	Wuhan	both	0	07/07/2020	07/07/2020	0	1	http://wjw.wuhan.gov.cn/xwzx_28/gsgg/
China	CHN1	0	999	Wuhan	both	0	08/07/2020	08/07/2020	0	1	http://wjw.wuhan.gov.cn/xwzx_28/gsgg/
China	CHN1	0	999	Wuhan	both	0	09/07/2020	09/07/2020	0	1	http://wjw.wuhan.gov.cn/xwzx_28/gsgg/
China	CHN1	0	999	Wuhan	both	0	10/07/2020	10/07/2020	0	1	http://wjw.wuhan.gov.cn/xwzx_28/gsgg/
China	CHN1	0	999	Wuhan	both	0	11/07/2020	11/07/2020	0	1	http://wjw.wuhan.gov.cn/xwzx_28/gsgg/
China	CHN1	0	999	Wuhan	both	0	12/07/2020	12/07/2020	0	1	http://wjw.wuhan.gov.cn/xwzx_28/gsgg/
China	CHN1	0	999	Wuhan	both	0	13/07/2020	13/07/2020	0	1	http://wjw.wuhan.gov.cn/xwzx_28/gsgg/
China	CHN1	0	999	Wuhan	both	0	14/07/2020	14/07/2020	0	1	http://wjw.wuhan.gov.cn/xwzx_28/gsgg/
China	CHN1	0	999	Wuhan	both	0	15/07/2020	15/07/2020	0	1	http://wjw.wuhan.gov.cn/xwzx_28/gsgg/
China	CHN1	0	999	Wuhan	both	0	16/07/2020	16/07/2020	0	1	http://wjw.wuhan.gov.cn/xwzx_28/gsgg/
China	CHN1	0	999	Wuhan	both	0	17/07/2020	17/07/2020	0	1	http://wjw.wuhan.gov.cn/xwzx_28/gsgg/
China	CHN1	0	999	Wuhan	both	0	18/07/2020	18/07/2020	0	1	http://wjw.wuhan.gov.cn/xwzx_28/gsgg/
China	CHN1	0	999	Wuhan	both	0	19/07/2020	19/07/2020	0	1	http://wjw.wuhan.gov.cn/xwzx_28/gsgg/
China	CHN1	0	999	Wuhan	both	0	20/07/2020	20/07/2020	0	1	http://wjw.wuhan.gov.cn/xwzx_28/gsgg/
China	CHN1	0	999	Wuhan	both	0	21/07/2020	21/07/2020	0	1	http://wjw.wuhan.gov.cn/xwzx_28/gsgg/
China	CHN1	0	999	Wuhan	both	0	22/07/2020	22/07/2020	0	1	http://wjw.wuhan.gov.cn/xwzx_28/gsgg/
China	CHN1	0	999	Wuhan	both	0	23/07/2020	23/07/2020	0	1	http://wjw.wuhan.gov.cn/xwzx_28/gsgg/
China	CHN1	0	999	Wuhan	both	0	24/07/2020	24/07/2020	0	1	http://wjw.wuhan.gov.cn/xwzx_28/gsgg/
China	CHN1	0	999	Wuhan	both	0	25/07/2020	25/07/2020	0	1	http://wjw.wuhan.gov.cn/xwzx_28/gsgg/
China	CHN1	0	999	Wuhan	both	0	26/07/2020	26/07/2020	0	1	http://wjw.wuhan.gov.cn/xwzx_28/gsgg/
China	CHN1	0	999	Wuhan	both	0	27/07/2020	27/07/2020	0	1	http://wjw.wuhan.gov.cn/xwzx_28/gsgg/
China	CHN1	0	999	Wuhan	both	0	28/07/2020	28/07/2020	0	1	http://wjw.wuhan.gov.cn/xwzx_28/gsgg/
China	CHN1	0	999	Wuhan	both	0	29/07/2020	29/07/2020	0	1	http://wjw.wuhan.gov.cn/xwzx_28/gsgg/
China	CHN1	0	999	Wuhan	both	0	30/07/2020	30/07/2020	0	1	http://wjw.wuhan.gov.cn/xwzx_28/gsgg/
China	CHN1	0	999	Wuhan	both	0	31/07/2020	31/07/2020	0	1	http://wjw.wuhan.gov.cn/xwzx_28/gsgg/
China	CHN1	0	999	Wuhan	both	0	01/08/2020	01/08/2020	0	1	http://wjw.wuhan.gov.cn/xwzx_28/gsgg/
China	CHN1	0	999	Wuhan	both	0	02/08/2020	02/08/2020	0	1	http://wjw.wuhan.gov.cn/xwzx_28/gsgg/
China	CHN1	0	999	Wuhan	both	0	03/08/2020	03/08/2020	0	1	http://wjw.wuhan.gov.cn/xwzx_28/gsgg/
China	CHN1	0	999	Wuhan	both	0	04/08/2020	04/08/2020	0	1	http://wjw.wuhan.gov.cn/xwzx_28/gsgg/
China	CHN1	0	999	Wuhan	both	0	05/08/2020	05/08/2020	0	1	http://wjw.wuhan.gov.cn/xwzx_28/gsgg/
China	CHN1	0	999	Wuhan	both	0	06/08/2020	06/08/2020	0	1	http://wjw.wuhan.gov.cn/xwzx_28/gsgg/
China	CHN1	0	999	Wuhan	both	0	07/08/2020	07/08/2020	0	1	http://wjw.wuhan.gov.cn/xwzx_28/gsgg/
China	CHN1	0	999	Wuhan	both	0	08/08/2020	08/08/2020	0	1	http://wjw.wuhan.gov.cn/xwzx_28/gsgg/
China	CHN1	0	999	Wuhan	both	0	09/08/2020	09/08/2020	0	1	http://wjw.wuhan.gov.cn/xwzx_28/gsgg/
China	CHN1	0	999	Wuhan	both	0	10/08/2020	10/08/2020	0	1	http://wjw.wuhan.gov.cn/xwzx_28/gsgg/
China	CHN1	0	999	Wuhan	both	0	11/08/2020	11/08/2020	0	1	http://wjw.wuhan.gov.cn/xwzx_28/gsgg/
China	CHN1	0	999	Wuhan	both	0	12/08/2020	12/08/2020	0	1	http://wjw.wuhan.gov.cn/xwzx_28/gsgg/
China	CHN1	0	999	Wuhan	both	0	13/08/2020	13/08/2020	0	1	http://wjw.wuhan.gov.cn/xwzx_28/gsgg/
China	CHN1	0	999	Wuhan	both	0	14/08/2020	14/08/2020	0	1	http://wjw.wuhan.gov.cn/xwzx_28/gsgg/
China	CHN1	0	999	Wuhan	both	0	15/08/2020	15/08/2020	0	1	http://wjw.wuhan.gov.cn/xwzx_28/gsgg/
China	CHN1	0	999	Wuhan	both	0	16/08/2020	16/08/2020	0	1	http://wjw.wuhan.gov.cn/xwzx_28/gsgg/
China	CHN1	0	999	Wuhan	both	0	17/08/2020	17/08/2020	0	1	http://wjw.wuhan.gov.cn/xwzx_28/gsgg/
England	GBR3	0	999	all	both	4	05/03/2020	05/03/2020	0	1	https://www.ons.gov.uk/peoplepopulationandcommunity/birthsdeathsandmarriages/deaths/datasets/weeklyprovisionalfiguresondeathsregisteredinenglandandwales
England	GBR3	0	999	all	both	2	06/03/2020	06/03/2020	0	1	https://www.ons.gov.uk/peoplepopulationandcommunity/birthsdeathsandmarriages/deaths/datasets/weeklyprovisionalfiguresondeathsregisteredinenglandandwales
England	GBR3	0	999	all	both	0	07/03/2020	07/03/2020	0	1	https://www.ons.gov.uk/peoplepopulationandcommunity/birthsdeathsandmarriages/deaths/datasets/weeklyprovisionalfiguresondeathsregisteredinenglandandwales
England	GBR3	0	999	all	both	2	08/03/2020	08/03/2020	0	1	https://www.ons.gov.uk/peoplepopulationandcommunity/birthsdeathsandmarriages/deaths/datasets/weeklyprovisionalfiguresondeathsregisteredinenglandandwales
England	GBR3	0	999	all	both	5	09/03/2020	09/03/2020	0	1	https://www.ons.gov.uk/peoplepopulationandcommunity/birthsdeathsandmarriages/deaths/datasets/weeklyprovisionalfiguresondeathsregisteredinenglandandwales
England	GBR3	0	999	all	both	3	10/03/2020	10/03/2020	0	1	https://www.ons.gov.uk/peoplepopulationandcommunity/birthsdeathsandmarriages/deaths/datasets/weeklyprovisionalfiguresondeathsregisteredinenglandandwales
England	GBR3	0	999	all	both	7	11/03/2020	11/03/2020	0	1	https://www.ons.gov.uk/peoplepopulationandcommunity/birthsdeathsandmarriages/deaths/datasets/weeklyprovisionalfiguresondeathsregisteredinenglandandwales
England	GBR3	0	999	all	both	11	12/03/2020	12/03/2020	0	1	https://www.ons.gov.uk/peoplepopulationandcommunity/birthsdeathsandmarriages/deaths/datasets/weeklyprovisionalfiguresondeathsregisteredinenglandandwales
England	GBR3	0	999	all	both	16	13/03/2020	13/03/2020	0	1	https://www.ons.gov.uk/peoplepopulationandcommunity/birthsdeathsandmarriages/deaths/datasets/weeklyprovisionalfiguresondeathsregisteredinenglandandwales
England	GBR3	0	999	all	both	19	14/03/2020	14/03/2020	0	1	https://www.ons.gov.uk/peoplepopulationandcommunity/birthsdeathsandmarriages/deaths/datasets/weeklyprovisionalfiguresondeathsregisteredinenglandandwales
England	GBR3	0	999	all	both	28	15/03/2020	15/03/2020	0	1	https://www.ons.gov.uk/peoplepopulationandcommunity/birthsdeathsandmarriages/deaths/datasets/weeklyprovisionalfiguresondeathsregisteredinenglandandwales
England	GBR3	0	999	all	both	43	16/03/2020	16/03/2020	0	1	https://www.ons.gov.uk/peoplepopulationandcommunity/birthsdeathsandmarriages/deaths/datasets/weeklyprovisionalfiguresondeathsregisteredinenglandandwales
England	GBR3	0	999	all	both	54	17/03/2020	17/03/2020	0	1	https://www.ons.gov.uk/peoplepopulationandcommunity/birthsdeathsandmarriages/deaths/datasets/weeklyprovisionalfiguresondeathsregisteredinenglandandwales
England	GBR3	0	999	all	both	65	18/03/2020	18/03/2020	0	1	https://www.ons.gov.uk/peoplepopulationandcommunity/birthsdeathsandmarriages/deaths/datasets/weeklyprovisionalfiguresondeathsregisteredinenglandandwales
England	GBR3	0	999	all	both	70	19/03/2020	19/03/2020	0	1	https://www.ons.gov.uk/peoplepopulationandcommunity/birthsdeathsandmarriages/deaths/datasets/weeklyprovisionalfiguresondeathsregisteredinenglandandwales
England	GBR3	0	999	all	both	106	20/03/2020	20/03/2020	0	1	https://www.ons.gov.uk/peoplepopulationandcommunity/birthsdeathsandmarriages/deaths/datasets/weeklyprovisionalfiguresondeathsregisteredinenglandandwales
England	GBR3	0	999	all	both	122	21/03/2020	21/03/2020	0	1	https://www.ons.gov.uk/peoplepopulationandcommunity/birthsdeathsandmarriages/deaths/datasets/weeklyprovisionalfiguresondeathsregisteredinenglandandwales
England	GBR3	0	999	all	both	171	22/03/2020	22/03/2020	0	1	https://www.ons.gov.uk/peoplepopulationandcommunity/birthsdeathsandmarriages/deaths/datasets/weeklyprovisionalfiguresondeathsregisteredinenglandandwales
England	GBR3	0	999	all	both	187	23/03/2020	23/03/2020	0	1	https://www.ons.gov.uk/peoplepopulationandcommunity/birthsdeathsandmarriages/deaths/datasets/weeklyprovisionalfiguresondeathsregisteredinenglandandwales
England	GBR3	0	999	all	both	235	24/03/2020	24/03/2020	0	1	https://www.ons.gov.uk/peoplepopulationandcommunity/birthsdeathsandmarriages/deaths/datasets/weeklyprovisionalfiguresondeathsregisteredinenglandandwales
England	GBR3	0	999	all	both	296	25/03/2020	25/03/2020	0	1	https://www.ons.gov.uk/peoplepopulationandcommunity/birthsdeathsandmarriages/deaths/datasets/weeklyprovisionalfiguresondeathsregisteredinenglandandwales
England	GBR3	0	999	all	both	369	26/03/2020	26/03/2020	0	1	https://www.ons.gov.uk/peoplepopulationandcommunity/birthsdeathsandmarriages/deaths/datasets/weeklyprovisionalfiguresondeathsregisteredinenglandandwales
England	GBR3	0	999	all	both	412	27/03/2020	27/03/2020	0	1	https://www.ons.gov.uk/peoplepopulationandcommunity/birthsdeathsandmarriages/deaths/datasets/weeklyprovisionalfiguresondeathsregisteredinenglandandwales
England	GBR3	0	999	all	both	449	28/03/2020	28/03/2020	0	1	https://www.ons.gov.uk/peoplepopulationandcommunity/birthsdeathsandmarriages/deaths/datasets/weeklyprovisionalfiguresondeathsregisteredinenglandandwales
England	GBR3	0	999	all	both	529	29/03/2020	29/03/2020	0	1	https://www.ons.gov.uk/peoplepopulationandcommunity/birthsdeathsandmarriages/deaths/datasets/weeklyprovisionalfiguresondeathsregisteredinenglandandwales
England	GBR3	0	999	all	both	625	30/03/2020	30/03/2020	0	1	https://www.ons.gov.uk/peoplepopulationandcommunity/birthsdeathsandmarriages/deaths/datasets/weeklyprovisionalfiguresondeathsregisteredinenglandandwales
England	GBR3	0	999	all	both	739	31/03/2020	31/03/2020	0	1	https://www.ons.gov.uk/peoplepopulationandcommunity/birthsdeathsandmarriages/deaths/datasets/weeklyprovisionalfiguresondeathsregisteredinenglandandwales
England	GBR3	0	999	all	both	818	01/04/2020	01/04/2020	0	1	https://www.ons.gov.uk/peoplepopulationandcommunity/birthsdeathsandmarriages/deaths/datasets/weeklyprovisionalfiguresondeathsregisteredinenglandandwales
England	GBR3	0	999	all	both	889	02/04/2020	02/04/2020	0	1	https://www.ons.gov.uk/peoplepopulationandcommunity/birthsdeathsandmarriages/deaths/datasets/weeklyprovisionalfiguresondeathsregisteredinenglandandwales
England	GBR3	0	999	all	both	921	03/04/2020	03/04/2020	0	1	https://www.ons.gov.uk/peoplepopulationandcommunity/birthsdeathsandmarriages/deaths/datasets/weeklyprovisionalfiguresondeathsregisteredinenglandandwales
England	GBR3	0	999	all	both	1,015	04/04/2020	04/04/2020	0	1	https://www.ons.gov.uk/peoplepopulationandcommunity/birthsdeathsandmarriages/deaths/datasets/weeklyprovisionalfiguresondeathsregisteredinenglandandwales
England	GBR3	0	999	all	both	1,059	05/04/2020	05/04/2020	0	1	https://www.ons.gov.uk/peoplepopulationandcommunity/birthsdeathsandmarriages/deaths/datasets/weeklyprovisionalfiguresondeathsregisteredinenglandandwales
England	GBR3	0	999	all	both	1,017	06/04/2020	06/04/2020	0	1	https://www.ons.gov.uk/peoplepopulationandcommunity/birthsdeathsandmarriages/deaths/datasets/weeklyprovisionalfiguresondeathsregisteredinenglandandwales
England	GBR3	0	999	all	both	1,138	07/04/2020	07/04/2020	0	1	https://www.ons.gov.uk/peoplepopulationandcommunity/birthsdeathsandmarriages/deaths/datasets/weeklyprovisionalfiguresondeathsregisteredinenglandandwales
England	GBR3	0	999	all	both	1,273	08/04/2020	08/04/2020	0	1	https://www.ons.gov.uk/peoplepopulationandcommunity/birthsdeathsandmarriages/deaths/datasets/weeklyprovisionalfiguresondeathsregisteredinenglandandwales
England	GBR3	0	999	all	both	1,164	09/04/2020	09/04/2020	0	1	https://www.ons.gov.uk/peoplepopulationandcommunity/birthsdeathsandmarriages/deaths/datasets/weeklyprovisionalfiguresondeathsregisteredinenglandandwales
England	GBR3	0	999	all	both	1,155	10/04/2020	10/04/2020	0	1	https://www.ons.gov.uk/peoplepopulationandcommunity/birthsdeathsandmarriages/deaths/datasets/weeklyprovisionalfiguresondeathsregisteredinenglandandwales
England	GBR3	0	999	all	both	1,196	11/04/2020	11/04/2020	0	1	https://www.ons.gov.uk/peoplepopulationandcommunity/birthsdeathsandmarriages/deaths/datasets/weeklyprovisionalfiguresondeathsregisteredinenglandandwales
England	GBR3	0	999	all	both	1,192	12/04/2020	12/04/2020	0	1	https://www.ons.gov.uk/peoplepopulationandcommunity/birthsdeathsandmarriages/deaths/datasets/weeklyprovisionalfiguresondeathsregisteredinenglandandwales
England	GBR3	0	999	all	both	1,069	13/04/2020	13/04/2020	0	1	https://www.ons.gov.uk/peoplepopulationandcommunity/birthsdeathsandmarriages/deaths/datasets/weeklyprovisionalfiguresondeathsregisteredinenglandandwales
England	GBR3	0	999	all	both	1,076	14/04/2020	14/04/2020	0	1	https://www.ons.gov.uk/peoplepopulationandcommunity/birthsdeathsandmarriages/deaths/datasets/weeklyprovisionalfiguresondeathsregisteredinenglandandwales
England	GBR3	0	999	all	both	1,095	15/04/2020	15/04/2020	0	1	https://www.ons.gov.uk/peoplepopulationandcommunity/birthsdeathsandmarriages/deaths/datasets/weeklyprovisionalfiguresondeathsregisteredinenglandandwales
England	GBR3	0	999	all	both	1,137	16/04/2020	16/04/2020	0	1	https://www.ons.gov.uk/peoplepopulationandcommunity/birthsdeathsandmarriages/deaths/datasets/weeklyprovisionalfiguresondeathsregisteredinenglandandwales
England	GBR3	0	999	all	both	1,101	17/04/2020	17/04/2020	0	1	https://www.ons.gov.uk/peoplepopulationandcommunity/birthsdeathsandmarriages/deaths/datasets/weeklyprovisionalfiguresondeathsregisteredinenglandandwales
England	GBR3	0	999	all	both	1,021	18/04/2020	18/04/2020	0	1	https://www.ons.gov.uk/peoplepopulationandcommunity/birthsdeathsandmarriages/deaths/datasets/weeklyprovisionalfiguresondeathsregisteredinenglandandwales
England	GBR3	0	999	all	both	966	19/04/2020	19/04/2020	0	1	https://www.ons.gov.uk/peoplepopulationandcommunity/birthsdeathsandmarriages/deaths/datasets/weeklyprovisionalfiguresondeathsregisteredinenglandandwales
England	GBR3	0	999	all	both	986	20/04/2020	20/04/2020	0	1	https://www.ons.gov.uk/peoplepopulationandcommunity/birthsdeathsandmarriages/deaths/datasets/weeklyprovisionalfiguresondeathsregisteredinenglandandwales
England	GBR3	0	999	all	both	907	21/04/2020	21/04/2020	0	1	https://www.ons.gov.uk/peoplepopulationandcommunity/birthsdeathsandmarriages/deaths/datasets/weeklyprovisionalfiguresondeathsregisteredinenglandandwales
England	GBR3	0	999	all	both	934	22/04/2020	22/04/2020	0	1	https://www.ons.gov.uk/peoplepopulationandcommunity/birthsdeathsandmarriages/deaths/datasets/weeklyprovisionalfiguresondeathsregisteredinenglandandwales
England	GBR3	0	999	all	both	888	23/04/2020	23/04/2020	0	1	https://www.ons.gov.uk/peoplepopulationandcommunity/birthsdeathsandmarriages/deaths/datasets/weeklyprovisionalfiguresondeathsregisteredinenglandandwales
England	GBR3	0	999	all	both	866	24/04/2020	24/04/2020	0	1	https://www.ons.gov.uk/peoplepopulationandcommunity/birthsdeathsandmarriages/deaths/datasets/weeklyprovisionalfiguresondeathsregisteredinenglandandwales
England	GBR3	0	999	all	both	764	25/04/2020	25/04/2020	0	1	https://www.ons.gov.uk/peoplepopulationandcommunity/birthsdeathsandmarriages/deaths/datasets/weeklyprovisionalfiguresondeathsregisteredinenglandandwales
England	GBR3	0	999	all	both	756	26/04/2020	26/04/2020	0	1	https://www.ons.gov.uk/peoplepopulationandcommunity/birthsdeathsandmarriages/deaths/datasets/weeklyprovisionalfiguresondeathsregisteredinenglandandwales
England	GBR3	0	999	all	both	717	27/04/2020	27/04/2020	0	1	https://www.ons.gov.uk/peoplepopulationandcommunity/birthsdeathsandmarriages/deaths/datasets/weeklyprovisionalfiguresondeathsregisteredinenglandandwales
England	GBR3	0	999	all	both	695	28/04/2020	28/04/2020	0	1	https://www.ons.gov.uk/peoplepopulationandcommunity/birthsdeathsandmarriages/deaths/datasets/weeklyprovisionalfiguresondeathsregisteredinenglandandwales
England	GBR3	0	999	all	both	694	29/04/2020	29/04/2020	0	1	https://www.ons.gov.uk/peoplepopulationandcommunity/birthsdeathsandmarriages/deaths/datasets/weeklyprovisionalfiguresondeathsregisteredinenglandandwales
England	GBR3	0	999	all	both	651	30/04/2020	30/04/2020	0	1	https://www.ons.gov.uk/peoplepopulationandcommunity/birthsdeathsandmarriages/deaths/datasets/weeklyprovisionalfiguresondeathsregisteredinenglandandwales
England	GBR3	0	999	all	both	654	01/05/2020	01/05/2020	0	1	https://www.ons.gov.uk/peoplepopulationandcommunity/birthsdeathsandmarriages/deaths/datasets/weeklyprovisionalfiguresondeathsregisteredinenglandandwales
England	GBR3	0	999	all	both	586	02/05/2020	02/05/2020	0	1	https://www.ons.gov.uk/peoplepopulationandcommunity/birthsdeathsandmarriages/deaths/datasets/weeklyprovisionalfiguresondeathsregisteredinenglandandwales
England	GBR3	0	999	all	both	553	03/05/2020	03/05/2020	0	1	https://www.ons.gov.uk/peoplepopulationandcommunity/birthsdeathsandmarriages/deaths/datasets/weeklyprovisionalfiguresondeathsregisteredinenglandandwales
England	GBR3	0	999	all	both	556	04/05/2020	04/05/2020	0	1	https://www.ons.gov.uk/peoplepopulationandcommunity/birthsdeathsandmarriages/deaths/datasets/weeklyprovisionalfiguresondeathsregisteredinenglandandwales
England	GBR3	0	999	all	both	535	05/05/2020	05/05/2020	0	1	https://www.ons.gov.uk/peoplepopulationandcommunity/birthsdeathsandmarriages/deaths/datasets/weeklyprovisionalfiguresondeathsregisteredinenglandandwales
England	GBR3	0	999	all	both	518	06/05/2020	06/05/2020	0	1	https://www.ons.gov.uk/peoplepopulationandcommunity/birthsdeathsandmarriages/deaths/datasets/weeklyprovisionalfiguresondeathsregisteredinenglandandwales
England	GBR3	0	999	all	both	530	07/05/2020	07/05/2020	0	1	https://www.ons.gov.uk/peoplepopulationandcommunity/birthsdeathsandmarriages/deaths/datasets/weeklyprovisionalfiguresondeathsregisteredinenglandandwales
England	GBR3	0	999	all	both	476	08/05/2020	08/05/2020	0	1	https://www.ons.gov.uk/peoplepopulationandcommunity/birthsdeathsandmarriages/deaths/datasets/weeklyprovisionalfiguresondeathsregisteredinenglandandwales
England	GBR3	0	999	all	both	461	09/05/2020	09/05/2020	0	1	https://www.ons.gov.uk/peoplepopulationandcommunity/birthsdeathsandmarriages/deaths/datasets/weeklyprovisionalfiguresondeathsregisteredinenglandandwales
England	GBR3	0	999	all	both	419	10/05/2020	10/05/2020	0	1	https://www.ons.gov.uk/peoplepopulationandcommunity/birthsdeathsandmarriages/deaths/datasets/weeklyprovisionalfiguresondeathsregisteredinenglandandwales
England	GBR3	0	999	all	both	354	11/05/2020	11/05/2020	0	1	https://www.ons.gov.uk/peoplepopulationandcommunity/birthsdeathsandmarriages/deaths/datasets/weeklyprovisionalfiguresondeathsregisteredinenglandandwales
England	GBR3	0	999	all	both	377	12/05/2020	12/05/2020	0	1	https://www.ons.gov.uk/peoplepopulationandcommunity/birthsdeathsandmarriages/deaths/datasets/weeklyprovisionalfiguresondeathsregisteredinenglandandwales
England	GBR3	0	999	all	both	370	13/05/2020	13/05/2020	0	1	https://www.ons.gov.uk/peoplepopulationandcommunity/birthsdeathsandmarriages/deaths/datasets/weeklyprovisionalfiguresondeathsregisteredinenglandandwales
England	GBR3	0	999	all	both	368	14/05/2020	14/05/2020	0	1	https://www.ons.gov.uk/peoplepopulationandcommunity/birthsdeathsandmarriages/deaths/datasets/weeklyprovisionalfiguresondeathsregisteredinenglandandwales
England	GBR3	0	999	all	both	357	15/05/2020	15/05/2020	0	1	https://www.ons.gov.uk/peoplepopulationandcommunity/birthsdeathsandmarriages/deaths/datasets/weeklyprovisionalfiguresondeathsregisteredinenglandandwales
England	GBR3	0	999	all	both	347	16/05/2020	16/05/2020	0	1	https://www.ons.gov.uk/peoplepopulationandcommunity/birthsdeathsandmarriages/deaths/datasets/weeklyprovisionalfiguresondeathsregisteredinenglandandwales
England	GBR3	0	999	all	both	313	17/05/2020	17/05/2020	0	1	https://www.ons.gov.uk/peoplepopulationandcommunity/birthsdeathsandmarriages/deaths/datasets/weeklyprovisionalfiguresondeathsregisteredinenglandandwales
England	GBR3	0	999	all	both	341	18/05/2020	18/05/2020	0	1	https://www.ons.gov.uk/peoplepopulationandcommunity/birthsdeathsandmarriages/deaths/datasets/weeklyprovisionalfiguresondeathsregisteredinenglandandwales
England	GBR3	0	999	all	both	310	19/05/2020	19/05/2020	0	1	https://www.ons.gov.uk/peoplepopulationandcommunity/birthsdeathsandmarriages/deaths/datasets/weeklyprovisionalfiguresondeathsregisteredinenglandandwales
England	GBR3	0	999	all	both	300	20/05/2020	20/05/2020	0	1	https://www.ons.gov.uk/peoplepopulationandcommunity/birthsdeathsandmarriages/deaths/datasets/weeklyprovisionalfiguresondeathsregisteredinenglandandwales
England	GBR3	0	999	all	both	282	21/05/2020	21/05/2020	0	1	https://www.ons.gov.uk/peoplepopulationandcommunity/birthsdeathsandmarriages/deaths/datasets/weeklyprovisionalfiguresondeathsregisteredinenglandandwales
England	GBR3	0	999	all	both	253	22/05/2020	22/05/2020	0	1	https://www.ons.gov.uk/peoplepopulationandcommunity/birthsdeathsandmarriages/deaths/datasets/weeklyprovisionalfiguresondeathsregisteredinenglandandwales
England	GBR3	0	999	all	both	254	23/05/2020	23/05/2020	0	1	https://www.ons.gov.uk/peoplepopulationandcommunity/birthsdeathsandmarriages/deaths/datasets/weeklyprovisionalfiguresondeathsregisteredinenglandandwales
England	GBR3	0	999	all	both	233	24/05/2020	24/05/2020	0	1	https://www.ons.gov.uk/peoplepopulationandcommunity/birthsdeathsandmarriages/deaths/datasets/weeklyprovisionalfiguresondeathsregisteredinenglandandwales
England	GBR3	0	999	all	both	236	25/05/2020	25/05/2020	0	1	https://www.ons.gov.uk/peoplepopulationandcommunity/birthsdeathsandmarriages/deaths/datasets/weeklyprovisionalfiguresondeathsregisteredinenglandandwales
England	GBR3	0	999	all	both	258	26/05/2020	26/05/2020	0	1	https://www.ons.gov.uk/peoplepopulationandcommunity/birthsdeathsandmarriages/deaths/datasets/weeklyprovisionalfiguresondeathsregisteredinenglandandwales
England	GBR3	0	999	all	both	228	27/05/2020	27/05/2020	0	1	https://www.ons.gov.uk/peoplepopulationandcommunity/birthsdeathsandmarriages/deaths/datasets/weeklyprovisionalfiguresondeathsregisteredinenglandandwales
England	GBR3	0	999	all	both	235	28/05/2020	28/05/2020	0	1	https://www.ons.gov.uk/peoplepopulationandcommunity/birthsdeathsandmarriages/deaths/datasets/weeklyprovisionalfiguresondeathsregisteredinenglandandwales
England	GBR3	0	999	all	both	214	29/05/2020	29/05/2020	0	1	https://www.ons.gov.uk/peoplepopulationandcommunity/birthsdeathsandmarriages/deaths/datasets/weeklyprovisionalfiguresondeathsregisteredinenglandandwales
England	GBR3	0	999	all	both	183	30/05/2020	30/05/2020	0	1	https://www.ons.gov.uk/peoplepopulationandcommunity/birthsdeathsandmarriages/deaths/datasets/weeklyprovisionalfiguresondeathsregisteredinenglandandwales
England	GBR3	0	999	all	both	173	31/05/2020	31/05/2020	0	1	https://www.ons.gov.uk/peoplepopulationandcommunity/birthsdeathsandmarriages/deaths/datasets/weeklyprovisionalfiguresondeathsregisteredinenglandandwales
England	GBR3	0	999	all	both	177	01/06/2020	01/06/2020	0	1	https://www.ons.gov.uk/peoplepopulationandcommunity/birthsdeathsandmarriages/deaths/datasets/weeklyprovisionalfiguresondeathsregisteredinenglandandwales
England	GBR3	0	999	all	both	203	02/06/2020	02/06/2020	0	1	https://www.ons.gov.uk/peoplepopulationandcommunity/birthsdeathsandmarriages/deaths/datasets/weeklyprovisionalfiguresondeathsregisteredinenglandandwales
England	GBR3	0	999	all	both	175	03/06/2020	03/06/2020	0	1	https://www.ons.gov.uk/peoplepopulationandcommunity/birthsdeathsandmarriages/deaths/datasets/weeklyprovisionalfiguresondeathsregisteredinenglandandwales
England	GBR3	0	999	all	both	164	04/06/2020	04/06/2020	0	1	https://www.ons.gov.uk/peoplepopulationandcommunity/birthsdeathsandmarriages/deaths/datasets/weeklyprovisionalfiguresondeathsregisteredinenglandandwales
England	GBR3	0	999	all	both	158	05/06/2020	05/06/2020	0	1	https://www.ons.gov.uk/peoplepopulationandcommunity/birthsdeathsandmarriages/deaths/datasets/weeklyprovisionalfiguresondeathsregisteredinenglandandwales
England	GBR3	0	999	all	both	123	06/06/2020	06/06/2020	0	1	https://www.ons.gov.uk/peoplepopulationandcommunity/birthsdeathsandmarriages/deaths/datasets/weeklyprovisionalfiguresondeathsregisteredinenglandandwales
England	GBR3	0	999	all	both	136	07/06/2020	07/06/2020	0	1	https://www.ons.gov.uk/peoplepopulationandcommunity/birthsdeathsandmarriages/deaths/datasets/weeklyprovisionalfiguresondeathsregisteredinenglandandwales
England	GBR3	0	999	all	both	140	08/06/2020	08/06/2020	0	1	https://www.ons.gov.uk/peoplepopulationandcommunity/birthsdeathsandmarriages/deaths/datasets/weeklyprovisionalfiguresondeathsregisteredinenglandandwales
England	GBR3	0	999	all	both	128	09/06/2020	09/06/2020	0	1	https://www.ons.gov.uk/peoplepopulationandcommunity/birthsdeathsandmarriages/deaths/datasets/weeklyprovisionalfiguresondeathsregisteredinenglandandwales
England	GBR3	0	999	all	both	139	10/06/2020	10/06/2020	0	1	https://www.ons.gov.uk/peoplepopulationandcommunity/birthsdeathsandmarriages/deaths/datasets/weeklyprovisionalfiguresondeathsregisteredinenglandandwales
England	GBR3	0	999	all	both	105	11/06/2020	11/06/2020	0	1	https://www.ons.gov.uk/peoplepopulationandcommunity/birthsdeathsandmarriages/deaths/datasets/weeklyprovisionalfiguresondeathsregisteredinenglandandwales
England	GBR3	0	999	all	both	118	12/06/2020	12/06/2020	0	1	https://www.ons.gov.uk/peoplepopulationandcommunity/birthsdeathsandmarriages/deaths/datasets/weeklyprovisionalfiguresondeathsregisteredinenglandandwales
England	GBR3	0	999	all	both	85	13/06/2020	13/06/2020	0	1	https://www.ons.gov.uk/peoplepopulationandcommunity/birthsdeathsandmarriages/deaths/datasets/weeklyprovisionalfiguresondeathsregisteredinenglandandwales
England	GBR3	0	999	all	both	117	14/06/2020	14/06/2020	0	1	https://www.ons.gov.uk/peoplepopulationandcommunity/birthsdeathsandmarriages/deaths/datasets/weeklyprovisionalfiguresondeathsregisteredinenglandandwales
England	GBR3	0	999	all	both	90	15/06/2020	15/06/2020	0	1	https://www.ons.gov.uk/peoplepopulationandcommunity/birthsdeathsandmarriages/deaths/datasets/weeklyprovisionalfiguresondeathsregisteredinenglandandwales
England	GBR3	0	999	all	both	102	16/06/2020	16/06/2020	0	1	https://www.ons.gov.uk/peoplepopulationandcommunity/birthsdeathsandmarriages/deaths/datasets/weeklyprovisionalfiguresondeathsregisteredinenglandandwales
England	GBR3	0	999	all	both	88	17/06/2020	17/06/2020	0	1	https://www.ons.gov.uk/peoplepopulationandcommunity/birthsdeathsandmarriages/deaths/datasets/weeklyprovisionalfiguresondeathsregisteredinenglandandwales
England	GBR3	0	999	all	both	77	18/06/2020	18/06/2020	0	1	https://www.ons.gov.uk/peoplepopulationandcommunity/birthsdeathsandmarriages/deaths/datasets/weeklyprovisionalfiguresondeathsregisteredinenglandandwales
England	GBR3	0	999	all	both	75	19/06/2020	19/06/2020	0	1	https://www.ons.gov.uk/peoplepopulationandcommunity/birthsdeathsandmarriages/deaths/datasets/weeklyprovisionalfiguresondeathsregisteredinenglandandwales
England	GBR3	0	999	all	both	75	20/06/2020	20/06/2020	0	1	https://www.ons.gov.uk/peoplepopulationandcommunity/birthsdeathsandmarriages/deaths/datasets/weeklyprovisionalfiguresondeathsregisteredinenglandandwales
England	GBR3	0	999	all	both	66	21/06/2020	21/06/2020	0	1	https://www.ons.gov.uk/peoplepopulationandcommunity/birthsdeathsandmarriages/deaths/datasets/weeklyprovisionalfiguresondeathsregisteredinenglandandwales
England	GBR3	0	999	all	both	73	22/06/2020	22/06/2020	0	1	https://www.ons.gov.uk/peoplepopulationandcommunity/birthsdeathsandmarriages/deaths/datasets/weeklyprovisionalfiguresondeathsregisteredinenglandandwales
England	GBR3	0	999	all	both	86	23/06/2020	23/06/2020	0	1	https://www.ons.gov.uk/peoplepopulationandcommunity/birthsdeathsandmarriages/deaths/datasets/weeklyprovisionalfiguresondeathsregisteredinenglandandwales
England	GBR3	0	999	all	both	91	24/06/2020	24/06/2020	0	1	https://www.ons.gov.uk/peoplepopulationandcommunity/birthsdeathsandmarriages/deaths/datasets/weeklyprovisionalfiguresondeathsregisteredinenglandandwales
England	GBR3	0	999	all	both	92	25/06/2020	25/06/2020	0	1	https://www.ons.gov.uk/peoplepopulationandcommunity/birthsdeathsandmarriages/deaths/datasets/weeklyprovisionalfiguresondeathsregisteredinenglandandwales
England	GBR3	0	999	all	both	68	26/06/2020	26/06/2020	0	1	https://www.ons.gov.uk/peoplepopulationandcommunity/birthsdeathsandmarriages/deaths/datasets/weeklyprovisionalfiguresondeathsregisteredinenglandandwales
England	GBR3	0	999	all	both	58	27/06/2020	27/06/2020	0	1	https://www.ons.gov.uk/peoplepopulationandcommunity/birthsdeathsandmarriages/deaths/datasets/weeklyprovisionalfiguresondeathsregisteredinenglandandwales
England	GBR3	0	999	all	both	61	28/06/2020	28/06/2020	0	1	https://www.ons.gov.uk/peoplepopulationandcommunity/birthsdeathsandmarriages/deaths/datasets/weeklyprovisionalfiguresondeathsregisteredinenglandandwales
England	GBR3	0	999	all	both	62	29/06/2020	29/06/2020	0	1	https://www.ons.gov.uk/peoplepopulationandcommunity/birthsdeathsandmarriages/deaths/datasets/weeklyprovisionalfiguresondeathsregisteredinenglandandwales
England	GBR3	0	999	all	both	68	30/06/2020	30/06/2020	0	1	https://www.ons.gov.uk/peoplepopulationandcommunity/birthsdeathsandmarriages/deaths/datasets/weeklyprovisionalfiguresondeathsregisteredinenglandandwales
England	GBR3	0	999	all	both	43	01/07/2020	01/07/2020	0	1	https://www.ons.gov.uk/peoplepopulationandcommunity/birthsdeathsandmarriages/deaths/datasets/weeklyprovisionalfiguresondeathsregisteredinenglandandwales
England	GBR3	0	999	all	both	55	02/07/2020	02/07/2020	0	1	https://www.ons.gov.uk/peoplepopulationandcommunity/birthsdeathsandmarriages/deaths/datasets/weeklyprovisionalfiguresondeathsregisteredinenglandandwales
England	GBR3	0	999	all	both	43	03/07/2020	03/07/2020	0	1	https://www.ons.gov.uk/peoplepopulationandcommunity/birthsdeathsandmarriages/deaths/datasets/weeklyprovisionalfiguresondeathsregisteredinenglandandwales
England	GBR3	0	999	all	both	46	04/07/2020	04/07/2020	0	1	https://www.ons.gov.uk/peoplepopulationandcommunity/birthsdeathsandmarriages/deaths/datasets/weeklyprovisionalfiguresondeathsregisteredinenglandandwales
England	GBR3	0	999	all	both	44	05/07/2020	05/07/2020	0	1	https://www.ons.gov.uk/peoplepopulationandcommunity/birthsdeathsandmarriages/deaths/datasets/weeklyprovisionalfiguresondeathsregisteredinenglandandwales
England	GBR3	0	999	all	both	45	06/07/2020	06/07/2020	0	1	https://www.ons.gov.uk/peoplepopulationandcommunity/birthsdeathsandmarriages/deaths/datasets/weeklyprovisionalfiguresondeathsregisteredinenglandandwales
England	GBR3	0	999	all	both	40	07/07/2020	07/07/2020	0	1	https://www.ons.gov.uk/peoplepopulationandcommunity/birthsdeathsandmarriages/deaths/datasets/weeklyprovisionalfiguresondeathsregisteredinenglandandwales
England	GBR3	0	999	all	both	41	08/07/2020	08/07/2020	0	1	https://www.ons.gov.uk/peoplepopulationandcommunity/birthsdeathsandmarriages/deaths/datasets/weeklyprovisionalfiguresondeathsregisteredinenglandandwales
England	GBR3	0	999	all	both	52	09/07/2020	09/07/2020	0	1	https://www.ons.gov.uk/peoplepopulationandcommunity/birthsdeathsandmarriages/deaths/datasets/weeklyprovisionalfiguresondeathsregisteredinenglandandwales
England	GBR3	0	999	all	both	42	10/07/2020	10/07/2020	0	1	https://www.ons.gov.uk/peoplepopulationandcommunity/birthsdeathsandmarriages/deaths/datasets/weeklyprovisionalfiguresondeathsregisteredinenglandandwales
England	GBR3	0	999	all	both	31	11/07/2020	11/07/2020	0	1	https://www.ons.gov.uk/peoplepopulationandcommunity/birthsdeathsandmarriages/deaths/datasets/weeklyprovisionalfiguresondeathsregisteredinenglandandwales
England	GBR3	0	999	all	both	27	12/07/2020	12/07/2020	0	1	https://www.ons.gov.uk/peoplepopulationandcommunity/birthsdeathsandmarriages/deaths/datasets/weeklyprovisionalfiguresondeathsregisteredinenglandandwales
England	GBR3	0	999	all	both	38	13/07/2020	13/07/2020	0	1	https://www.ons.gov.uk/peoplepopulationandcommunity/birthsdeathsandmarriages/deaths/datasets/weeklyprovisionalfiguresondeathsregisteredinenglandandwales
England	GBR3	0	999	all	both	36	14/07/2020	14/07/2020	0	1	https://www.ons.gov.uk/peoplepopulationandcommunity/birthsdeathsandmarriages/deaths/datasets/weeklyprovisionalfiguresondeathsregisteredinenglandandwales
England	GBR3	0	999	all	both	36	15/07/2020	15/07/2020	0	1	https://www.ons.gov.uk/peoplepopulationandcommunity/birthsdeathsandmarriages/deaths/datasets/weeklyprovisionalfiguresondeathsregisteredinenglandandwales
England	GBR3	0	999	all	both	16	16/07/2020	16/07/2020	0	1	https://www.ons.gov.uk/peoplepopulationandcommunity/birthsdeathsandmarriages/deaths/datasets/weeklyprovisionalfiguresondeathsregisteredinenglandandwales
England	GBR3	0	999	all	both	27	17/07/2020	17/07/2020	0	1	https://www.ons.gov.uk/peoplepopulationandcommunity/birthsdeathsandmarriages/deaths/datasets/weeklyprovisionalfiguresondeathsregisteredinenglandandwales
England	GBR3	0	999	all	both	28	18/07/2020	18/07/2020	0	1	https://www.ons.gov.uk/peoplepopulationandcommunity/birthsdeathsandmarriages/deaths/datasets/weeklyprovisionalfiguresondeathsregisteredinenglandandwales
England	GBR3	0	999	all	both	19	19/07/2020	19/07/2020	0	1	https://www.ons.gov.uk/peoplepopulationandcommunity/birthsdeathsandmarriages/deaths/datasets/weeklyprovisionalfiguresondeathsregisteredinenglandandwales
England	GBR3	0	999	all	both	28	20/07/2020	20/07/2020	0	1	https://www.ons.gov.uk/peoplepopulationandcommunity/birthsdeathsandmarriages/deaths/datasets/weeklyprovisionalfiguresondeathsregisteredinenglandandwales
England	GBR3	0	999	all	both	29	21/07/2020	21/07/2020	0	1	https://www.ons.gov.uk/peoplepopulationandcommunity/birthsdeathsandmarriages/deaths/datasets/weeklyprovisionalfiguresondeathsregisteredinenglandandwales
England	GBR3	0	999	all	both	30	22/07/2020	22/07/2020	0	1	https://www.ons.gov.uk/peoplepopulationandcommunity/birthsdeathsandmarriages/deaths/datasets/weeklyprovisionalfiguresondeathsregisteredinenglandandwales
England	GBR3	0	999	all	both	29	23/07/2020	23/07/2020	0	1	https://www.ons.gov.uk/peoplepopulationandcommunity/birthsdeathsandmarriages/deaths/datasets/weeklyprovisionalfiguresondeathsregisteredinenglandandwales
England	GBR3	0	999	all	both	16	24/07/2020	24/07/2020	0	1	https://www.ons.gov.uk/peoplepopulationandcommunity/birthsdeathsandmarriages/deaths/datasets/weeklyprovisionalfiguresondeathsregisteredinenglandandwales
England	GBR3	0	999	all	both	19	25/07/2020	25/07/2020	0	1	https://www.ons.gov.uk/peoplepopulationandcommunity/birthsdeathsandmarriages/deaths/datasets/weeklyprovisionalfiguresondeathsregisteredinenglandandwales
England	GBR3	0	999	all	both	26	26/07/2020	26/07/2020	0	1	https://www.ons.gov.uk/peoplepopulationandcommunity/birthsdeathsandmarriages/deaths/datasets/weeklyprovisionalfiguresondeathsregisteredinenglandandwales
England	GBR3	0	999	all	both	12	27/07/2020	27/07/2020	0	1	https://www.ons.gov.uk/peoplepopulationandcommunity/birthsdeathsandmarriages/deaths/datasets/weeklyprovisionalfiguresondeathsregisteredinenglandandwales
England	GBR3	0	999	all	both	8	28/07/2020	28/07/2020	0	1	https://www.ons.gov.uk/peoplepopulationandcommunity/birthsdeathsandmarriages/deaths/datasets/weeklyprovisionalfiguresondeathsregisteredinenglandandwales
England	GBR3	0	999	all	both	10	29/07/2020	29/07/2020	0	1	https://www.ons.gov.uk/peoplepopulationandcommunity/birthsdeathsandmarriages/deaths/datasets/weeklyprovisionalfiguresondeathsregisteredinenglandandwales
England	GBR3	0	999	all	both	2	30/07/2020	30/07/2020	0	1	https://www.ons.gov.uk/peoplepopulationandcommunity/birthsdeathsandmarriages/deaths/datasets/weeklyprovisionalfiguresondeathsregisteredinenglandandwales
England	GBR3	0	999	all	both	1	31/07/2020	31/07/2020	0	1	https://www.ons.gov.uk/peoplepopulationandcommunity/birthsdeathsandmarriages/deaths/datasets/weeklyprovisionalfiguresondeathsregisteredinenglandandwales
England	GBR3	0	999	all	both	15	01/08/2020	01/08/2020	0	1	https://www.ons.gov.uk/peoplepopulationandcommunity/birthsdeathsandmarriages/deaths/datasets/weeklyprovisionalfiguresondeathsregisteredinenglandandwales
England	GBR3	0	999	all	both	14	02/08/2020	02/08/2020	0	1	https://www.ons.gov.uk/peoplepopulationandcommunity/birthsdeathsandmarriages/deaths/datasets/weeklyprovisionalfiguresondeathsregisteredinenglandandwales
England	GBR3	0	999	all	both	19	03/08/2020	03/08/2020	0	1	https://www.ons.gov.uk/peoplepopulationandcommunity/birthsdeathsandmarriages/deaths/datasets/weeklyprovisionalfiguresondeathsregisteredinenglandandwales
England	GBR3	0	999	all	both	19	04/08/2020	04/08/2020	0	1	https://www.ons.gov.uk/peoplepopulationandcommunity/birthsdeathsandmarriages/deaths/datasets/weeklyprovisionalfiguresondeathsregisteredinenglandandwales
England	GBR3	0	999	all	both	7	05/08/2020	05/08/2020	0	1	https://www.ons.gov.uk/peoplepopulationandcommunity/birthsdeathsandmarriages/deaths/datasets/weeklyprovisionalfiguresondeathsregisteredinenglandandwales
England	GBR3	0	999	all	both	17	06/08/2020	06/08/2020	0	1	https://www.ons.gov.uk/peoplepopulationandcommunity/birthsdeathsandmarriages/deaths/datasets/weeklyprovisionalfiguresondeathsregisteredinenglandandwales
England	GBR3	0	999	all	both	19	07/08/2020	07/08/2020	0	1	https://www.ons.gov.uk/peoplepopulationandcommunity/birthsdeathsandmarriages/deaths/datasets/weeklyprovisionalfiguresondeathsregisteredinenglandandwales
England	GBR3	0	999	all	both	17	08/08/2020	08/08/2020	0	1	https://www.ons.gov.uk/peoplepopulationandcommunity/birthsdeathsandmarriages/deaths/datasets/weeklyprovisionalfiguresondeathsregisteredinenglandandwales
England	GBR3	0	999	all	both	18	09/08/2020	09/08/2020	0	1	https://www.ons.gov.uk/peoplepopulationandcommunity/birthsdeathsandmarriages/deaths/datasets/weeklyprovisionalfiguresondeathsregisteredinenglandandwales
England	GBR3	0	999	all	both	22	10/08/2020	10/08/2020	0	1	https://www.ons.gov.uk/peoplepopulationandcommunity/birthsdeathsandmarriages/deaths/datasets/weeklyprovisionalfiguresondeathsregisteredinenglandandwales
England	GBR3	0	999	all	both	20	11/08/2020	11/08/2020	0	1	https://www.ons.gov.uk/peoplepopulationandcommunity/birthsdeathsandmarriages/deaths/datasets/weeklyprovisionalfiguresondeathsregisteredinenglandandwales
England	GBR3	0	999	all	both	20	12/08/2020	12/08/2020	0	1	https://www.ons.gov.uk/peoplepopulationandcommunity/birthsdeathsandmarriages/deaths/datasets/weeklyprovisionalfiguresondeathsregisteredinenglandandwales
England	GBR3	0	999	all	both	18	13/08/2020	13/08/2020	0	1	https://www.ons.gov.uk/peoplepopulationandcommunity/birthsdeathsandmarriages/deaths/datasets/weeklyprovisionalfiguresondeathsregisteredinenglandandwales
England	GBR3	0	999	all	both	14	14/08/2020	14/08/2020	0	1	https://www.ons.gov.uk/peoplepopulationandcommunity/birthsdeathsandmarriages/deaths/datasets/weeklyprovisionalfiguresondeathsregisteredinenglandandwales
England	GBR3	0	999	all	both	20	15/08/2020	15/08/2020	0	1	https://www.ons.gov.uk/peoplepopulationandcommunity/birthsdeathsandmarriages/deaths/datasets/weeklyprovisionalfiguresondeathsregisteredinenglandandwales
England	GBR3	0	999	all	both	12	16/08/2020	16/08/2020	0	1	https://www.ons.gov.uk/peoplepopulationandcommunity/birthsdeathsandmarriages/deaths/datasets/weeklyprovisionalfiguresondeathsregisteredinenglandandwales
England	GBR3	0	999	all	both	19	17/08/2020	17/08/2020	0	1	https://www.ons.gov.uk/peoplepopulationandcommunity/birthsdeathsandmarriages/deaths/datasets/weeklyprovisionalfiguresondeathsregisteredinenglandandwales
