"","country","study_id","age_low","age_high","region","gender","deaths","dateRep","date_end_survey","matching_with_sero","cumulative","age_breakdown","gender_breakdown","for_regional_analysis","time_series","ref","notes","countryterritoryCode"
"1","Switzerland","CHE1",0,999,"Geneva","both",1,"10/03/2020","10/03/2020","exact date available - extract from time series","no",0,0,1,1,"https://covid-19-schweiz.bagapps.ch/fr-1.html","includes deaths in nursing homes (these are broken down for some of the time period)","CHE1"
"2","Switzerland","CHE1",0,999,"Geneva","both",0,"11/03/2020","11/03/2020","exact date available - extract from time series","no",0,0,1,1,"https://covid-19-schweiz.bagapps.ch/fr-1.html","includes deaths in nursing homes (these are broken down for some of the time period)","CHE1"
"3","Switzerland","CHE1",0,999,"Geneva","both",1,"12/03/2020","12/03/2020","exact date available - extract from time series","no",0,0,1,1,"https://covid-19-schweiz.bagapps.ch/fr-1.html","includes deaths in nursing homes (these are broken down for some of the time period)","CHE1"
"4","Switzerland","CHE1",0,999,"Geneva","both",0,"13/03/2020","13/03/2020","exact date available - extract from time series","no",0,0,1,1,"https://covid-19-schweiz.bagapps.ch/fr-1.html","includes deaths in nursing homes (these are broken down for some of the time period)","CHE1"
"5","Switzerland","CHE1",0,999,"Geneva","both",0,"14/03/2020","14/03/2020","exact date available - extract from time series","no",0,0,1,1,"https://covid-19-schweiz.bagapps.ch/fr-1.html","includes deaths in nursing homes (these are broken down for some of the time period)","CHE1"
"6","Switzerland","CHE1",0,999,"Geneva","both",2,"15/03/2020","15/03/2020","exact date available - extract from time series","no",0,0,1,1,"https://covid-19-schweiz.bagapps.ch/fr-1.html","includes deaths in nursing homes (these are broken down for some of the time period)","CHE1"
"7","Switzerland","CHE1",0,999,"Geneva","both",0,"16/03/2020","16/03/2020","exact date available - extract from time series","no",0,0,1,1,"https://covid-19-schweiz.bagapps.ch/fr-1.html","includes deaths in nursing homes (these are broken down for some of the time period)","CHE1"
"8","Switzerland","CHE1",0,999,"Geneva","both",1,"17/03/2020","17/03/2020","exact date available - extract from time series","no",0,0,1,1,"https://covid-19-schweiz.bagapps.ch/fr-1.html","includes deaths in nursing homes (these are broken down for some of the time period)","CHE1"
"9","Switzerland","CHE1",0,999,"Geneva","both",1,"18/03/2020","18/03/2020","exact date available - extract from time series","no",0,0,1,1,"https://covid-19-schweiz.bagapps.ch/fr-1.html","includes deaths in nursing homes (these are broken down for some of the time period)","CHE1"
"10","Switzerland","CHE1",0,999,"Geneva","both",1,"19/03/2020","19/03/2020","exact date available - extract from time series","no",0,0,1,1,"https://covid-19-schweiz.bagapps.ch/fr-1.html","includes deaths in nursing homes (these are broken down for some of the time period)","CHE1"
"11","Switzerland","CHE1",0,999,"Geneva","both",2,"20/03/2020","20/03/2020","exact date available - extract from time series","no",0,0,1,1,"https://covid-19-schweiz.bagapps.ch/fr-1.html","includes deaths in nursing homes (these are broken down for some of the time period)","CHE1"
"12","Switzerland","CHE1",0,999,"Geneva","both",0,"21/03/2020","21/03/2020","exact date available - extract from time series","no",0,0,1,1,"https://covid-19-schweiz.bagapps.ch/fr-1.html","includes deaths in nursing homes (these are broken down for some of the time period)","CHE1"
"13","Switzerland","CHE1",0,999,"Geneva","both",1,"22/03/2020","22/03/2020","exact date available - extract from time series","no",0,0,1,1,"https://covid-19-schweiz.bagapps.ch/fr-1.html","includes deaths in nursing homes (these are broken down for some of the time period)","CHE1"
"14","Switzerland","CHE1",0,999,"Geneva","both",4,"23/03/2020","23/03/2020","exact date available - extract from time series","no",0,0,1,1,"https://covid-19-schweiz.bagapps.ch/fr-1.html","includes deaths in nursing homes (these are broken down for some of the time period)","CHE1"
"15","Switzerland","CHE1",0,999,"Geneva","both",1,"24/03/2020","24/03/2020","exact date available - extract from time series","no",0,0,1,1,"https://covid-19-schweiz.bagapps.ch/fr-1.html","includes deaths in nursing homes (these are broken down for some of the time period)","CHE1"
"16","Switzerland","CHE1",0,999,"Geneva","both",7,"25/03/2020","25/03/2020","exact date available - extract from time series","no",0,0,1,1,"https://covid-19-schweiz.bagapps.ch/fr-1.html","includes deaths in nursing homes (these are broken down for some of the time period)","CHE1"
"17","Switzerland","CHE1",0,999,"Geneva","both",2,"26/03/2020","26/03/2020","exact date available - extract from time series","no",0,0,1,1,"https://covid-19-schweiz.bagapps.ch/fr-1.html","includes deaths in nursing homes (these are broken down for some of the time period)","CHE1"
"18","Switzerland","CHE1",0,999,"Geneva","both",7,"27/03/2020","27/03/2020","exact date available - extract from time series","no",0,0,1,1,"https://covid-19-schweiz.bagapps.ch/fr-1.html","includes deaths in nursing homes (these are broken down for some of the time period)","CHE1"
"19","Switzerland","CHE1",0,999,"Geneva","both",7,"28/03/2020","28/03/2020","exact date available - extract from time series","no",0,0,1,1,"https://covid-19-schweiz.bagapps.ch/fr-1.html","includes deaths in nursing homes (these are broken down for some of the time period)","CHE1"
"20","Switzerland","CHE1",0,999,"Geneva","both",9,"29/03/2020","29/03/2020","exact date available - extract from time series","no",0,0,1,1,"https://covid-19-schweiz.bagapps.ch/fr-1.html","includes deaths in nursing homes (these are broken down for some of the time period)","CHE1"
"21","Switzerland","CHE1",0,999,"Geneva","both",8,"30/03/2020","30/03/2020","exact date available - extract from time series","no",0,0,1,1,"https://covid-19-schweiz.bagapps.ch/fr-1.html","includes deaths in nursing homes (these are broken down for some of the time period)","CHE1"
"22","Switzerland","CHE1",0,999,"Geneva","both",10,"31/03/2020","31/03/2020","exact date available - extract from time series","no",0,0,1,1,"https://covid-19-schweiz.bagapps.ch/fr-1.html","includes deaths in nursing homes (these are broken down for some of the time period)","CHE1"
"23","Switzerland","CHE1",0,999,"Geneva","both",9,"01/04/2020","01/04/2020","exact date available - extract from time series","no",0,0,1,1,"https://covid-19-schweiz.bagapps.ch/fr-1.html","includes deaths in nursing homes (these are broken down for some of the time period)","CHE1"
"24","Switzerland","CHE1",0,999,"Geneva","both",8,"02/04/2020","02/04/2020","exact date available - extract from time series","no",0,0,1,1,"https://covid-19-schweiz.bagapps.ch/fr-1.html","includes deaths in nursing homes (these are broken down for some of the time period)","CHE1"
"25","Switzerland","CHE1",0,999,"Geneva","both",6,"03/04/2020","03/04/2020","exact date available - extract from time series","no",0,0,1,1,"https://covid-19-schweiz.bagapps.ch/fr-1.html","includes deaths in nursing homes (these are broken down for some of the time period)","CHE1"
"26","Switzerland","CHE1",0,999,"Geneva","both",13,"04/04/2020","04/04/2020","exact date available - extract from time series","no",0,0,1,1,"https://covid-19-schweiz.bagapps.ch/fr-1.html","includes deaths in nursing homes (these are broken down for some of the time period)","CHE1"
"27","Switzerland","CHE1",0,999,"Geneva","both",7,"05/04/2020","05/04/2020","exact date available - extract from time series","no",0,0,1,1,"https://covid-19-schweiz.bagapps.ch/fr-1.html","includes deaths in nursing homes (these are broken down for some of the time period)","CHE1"
"28","Switzerland","CHE1",0,999,"Geneva","both",12,"06/04/2020","06/04/2020","exact date available - extract from time series","no",0,0,1,1,"https://covid-19-schweiz.bagapps.ch/fr-1.html","includes deaths in nursing homes (these are broken down for some of the time period)","CHE1"
"29","Switzerland","CHE1",0,999,"Geneva","both",11,"07/04/2020","07/04/2020","exact date available - extract from time series","no",0,0,1,1,"https://covid-19-schweiz.bagapps.ch/fr-1.html","includes deaths in nursing homes (these are broken down for some of the time period)","CHE1"
"30","Switzerland","CHE1",0,999,"Geneva","both",14,"08/04/2020","08/04/2020","exact date available - extract from time series","no",0,0,1,1,"https://covid-19-schweiz.bagapps.ch/fr-1.html","includes deaths in nursing homes (these are broken down for some of the time period)","CHE1"
"31","Switzerland","CHE1",0,999,"Geneva","both",8,"09/04/2020","09/04/2020","exact date available - extract from time series","no",0,0,1,1,"https://covid-19-schweiz.bagapps.ch/fr-1.html","includes deaths in nursing homes (these are broken down for some of the time period)","CHE1"
"32","Switzerland","CHE1",0,999,"Geneva","both",12,"10/04/2020","10/04/2020","exact date available - extract from time series","no",0,0,1,1,"https://covid-19-schweiz.bagapps.ch/fr-1.html","includes deaths in nursing homes (these are broken down for some of the time period)","CHE1"
"33","Switzerland","CHE1",0,999,"Geneva","both",8,"11/04/2020","11/04/2020","exact date available - extract from time series","no",0,0,1,1,"https://covid-19-schweiz.bagapps.ch/fr-1.html","includes deaths in nursing homes (these are broken down for some of the time period)","CHE1"
"34","Switzerland","CHE1",0,999,"Geneva","both",8,"12/04/2020","12/04/2020","exact date available - extract from time series","no",0,0,1,1,"https://covid-19-schweiz.bagapps.ch/fr-1.html","includes deaths in nursing homes (these are broken down for some of the time period)","CHE1"
"35","Switzerland","CHE1",0,999,"Geneva","both",3,"13/04/2020","13/04/2020","exact date available - extract from time series","no",0,0,1,1,"https://covid-19-schweiz.bagapps.ch/fr-1.html","includes deaths in nursing homes (these are broken down for some of the time period)","CHE1"
"36","Switzerland","CHE1",0,999,"Geneva","both",5,"14/04/2020","14/04/2020","exact date available - extract from time series","no",0,0,1,1,"https://covid-19-schweiz.bagapps.ch/fr-1.html","includes deaths in nursing homes (these are broken down for some of the time period)","CHE1"
"37","Switzerland","CHE1",0,999,"Geneva","both",6,"15/04/2020","15/04/2020","exact date available - extract from time series","no",0,0,1,1,"https://covid-19-schweiz.bagapps.ch/fr-1.html","includes deaths in nursing homes (these are broken down for some of the time period)","CHE1"
"38","Switzerland","CHE1",0,999,"Geneva","both",7,"16/04/2020","16/04/2020","exact date available - extract from time series","no",0,0,1,1,"https://covid-19-schweiz.bagapps.ch/fr-1.html","includes deaths in nursing homes (these are broken down for some of the time period)","CHE1"
"39","Switzerland","CHE1",0,999,"Geneva","both",6,"17/04/2020","17/04/2020","exact date available - extract from time series","no",0,0,1,1,"https://covid-19-schweiz.bagapps.ch/fr-1.html","includes deaths in nursing homes (these are broken down for some of the time period)","CHE1"
"40","Switzerland","CHE1",0,999,"Geneva","both",4,"18/04/2020","18/04/2020","exact date available - extract from time series","no",0,0,1,1,"https://covid-19-schweiz.bagapps.ch/fr-1.html","includes deaths in nursing homes (these are broken down for some of the time period)","CHE1"
"41","Switzerland","CHE1",0,999,"Geneva","both",3,"19/04/2020","19/04/2020","exact date available - extract from time series","no",0,0,1,1,"https://covid-19-schweiz.bagapps.ch/fr-1.html","includes deaths in nursing homes (these are broken down for some of the time period)","CHE1"
"42","Switzerland","CHE1",0,999,"Geneva","both",3,"20/04/2020","20/04/2020","exact date available - extract from time series","no",0,0,1,1,"https://covid-19-schweiz.bagapps.ch/fr-1.html","includes deaths in nursing homes (these are broken down for some of the time period)","CHE1"
"43","Switzerland","CHE1",0,999,"Geneva","both",5,"21/04/2020","21/04/2020","exact date available - extract from time series","no",0,0,1,1,"https://covid-19-schweiz.bagapps.ch/fr-1.html","includes deaths in nursing homes (these are broken down for some of the time period)","CHE1"
"44","Switzerland","CHE1",0,999,"Geneva","both",9,"22/04/2020","22/04/2020","exact date available - extract from time series","no",0,0,1,1,"https://covid-19-schweiz.bagapps.ch/fr-1.html","includes deaths in nursing homes (these are broken down for some of the time period)","CHE1"
"45","Switzerland","CHE1",0,999,"Geneva","both",2,"23/04/2020","23/04/2020","exact date available - extract from time series","no",0,0,1,1,"https://covid-19-schweiz.bagapps.ch/fr-1.html","includes deaths in nursing homes (these are broken down for some of the time period)","CHE1"
"46","Switzerland","CHE1",0,999,"Geneva","both",5,"24/04/2020","24/04/2020","exact date available - extract from time series","no",0,0,1,1,"https://covid-19-schweiz.bagapps.ch/fr-1.html","includes deaths in nursing homes (these are broken down for some of the time period)","CHE1"
"47","Switzerland","CHE1",0,999,"Geneva","both",1,"25/04/2020","25/04/2020","exact date available - extract from time series","no",0,0,1,1,"https://covid-19-schweiz.bagapps.ch/fr-1.html","includes deaths in nursing homes (these are broken down for some of the time period)","CHE1"
"48","Switzerland","CHE1",0,999,"Geneva","both",1,"26/04/2020","26/04/2020","exact date available - extract from time series","no",0,0,1,1,"https://covid-19-schweiz.bagapps.ch/fr-1.html","includes deaths in nursing homes (these are broken down for some of the time period)","CHE1"
"49","Switzerland","CHE1",0,999,"Geneva","both",1,"27/04/2020","27/04/2020","exact date available - extract from time series","no",0,0,1,1,"https://covid-19-schweiz.bagapps.ch/fr-1.html","includes deaths in nursing homes (these are broken down for some of the time period)","CHE1"
"50","Switzerland","CHE1",0,999,"Geneva","both",1,"28/04/2020","28/04/2020","exact date available - extract from time series","no",0,0,1,1,"https://covid-19-schweiz.bagapps.ch/fr-1.html","includes deaths in nursing homes (these are broken down for some of the time period)","CHE1"
"51","Switzerland","CHE1",0,999,"Geneva","both",1,"29/04/2020","29/04/2020","exact date available - extract from time series","no",0,0,1,1,"https://covid-19-schweiz.bagapps.ch/fr-1.html","includes deaths in nursing homes (these are broken down for some of the time period)","CHE1"
"52","Switzerland","CHE1",0,999,"Geneva","both",3,"30/04/2020","30/04/2020","exact date available - extract from time series","no",0,0,1,1,"https://covid-19-schweiz.bagapps.ch/fr-1.html","includes deaths in nursing homes (these are broken down for some of the time period)","CHE1"
"53","Switzerland","CHE1",0,999,"Geneva","both",3,"01/05/2020","01/05/2020","exact date available - extract from time series","no",0,0,1,1,"https://covid-19-schweiz.bagapps.ch/fr-1.html","includes deaths in nursing homes (these are broken down for some of the time period)","CHE1"
"54","Switzerland","CHE1",0,999,"Geneva","both",3,"02/05/2020","02/05/2020","exact date available - extract from time series","no",0,0,1,1,"https://covid-19-schweiz.bagapps.ch/fr-1.html","includes deaths in nursing homes (these are broken down for some of the time period)","CHE1"
"55","Switzerland","CHE1",0,999,"Geneva","both",0,"03/05/2020","03/05/2020","exact date available - extract from time series","no",0,0,1,1,"https://covid-19-schweiz.bagapps.ch/fr-1.html","includes deaths in nursing homes (these are broken down for some of the time period)","CHE1"
"56","Switzerland","CHE1",0,999,"Geneva","both",2,"04/05/2020","04/05/2020","exact date available - extract from time series","no",0,0,1,1,"https://covid-19-schweiz.bagapps.ch/fr-1.html","includes deaths in nursing homes (these are broken down for some of the time period)","CHE1"
"57","Switzerland","CHE1",0,999,"Geneva","both",1,"05/05/2020","05/05/2020","exact date available - extract from time series","no",0,0,1,1,"https://covid-19-schweiz.bagapps.ch/fr-1.html","includes deaths in nursing homes (these are broken down for some of the time period)","CHE1"
"58","Switzerland","CHE1",0,999,"Geneva","both",1,"06/05/2020","06/05/2020","exact date available - extract from time series","no",0,0,1,1,"https://covid-19-schweiz.bagapps.ch/fr-1.html","includes deaths in nursing homes (these are broken down for some of the time period)","CHE1"
"59","Switzerland","CHE1",0,999,"Geneva","both",5,"07/05/2020","07/05/2020","exact date available - extract from time series","no",0,0,1,1,"https://covid-19-schweiz.bagapps.ch/fr-1.html","includes deaths in nursing homes (these are broken down for some of the time period)","CHE1"
"60","Switzerland","CHE1",0,999,"Geneva","both",0,"08/05/2020","08/05/2020","exact date available - extract from time series","no",0,0,1,1,"https://covid-19-schweiz.bagapps.ch/fr-1.html","includes deaths in nursing homes (these are broken down for some of the time period)","CHE1"
"61","Switzerland","CHE1",0,999,"Geneva","both",1,"09/05/2020","09/05/2020","exact date available - extract from time series","no",0,0,1,1,"https://covid-19-schweiz.bagapps.ch/fr-1.html","includes deaths in nursing homes (these are broken down for some of the time period)","CHE1"
"62","Switzerland","CHE1",0,999,"Geneva","both",2,"10/05/2020","10/05/2020","exact date available - extract from time series","no",0,0,1,1,"https://covid-19-schweiz.bagapps.ch/fr-1.html","includes deaths in nursing homes (these are broken down for some of the time period)","CHE1"
"63","Switzerland","CHE1",0,999,"Geneva","both",0,"11/05/2020","11/05/2020","exact date available - extract from time series","no",0,0,1,1,"https://covid-19-schweiz.bagapps.ch/fr-1.html","includes deaths in nursing homes (these are broken down for some of the time period)","CHE1"
"64","Switzerland","CHE1",0,999,"Geneva","both",1,"12/05/2020","12/05/2020","exact date available - extract from time series","no",0,0,1,1,"https://covid-19-schweiz.bagapps.ch/fr-1.html","includes deaths in nursing homes (these are broken down for some of the time period)","CHE1"
"65","Switzerland","CHE1",0,999,"Geneva","both",1,"13/05/2020","13/05/2020","exact date available - extract from time series","no",0,0,1,1,"https://covid-19-schweiz.bagapps.ch/fr-1.html","includes deaths in nursing homes (these are broken down for some of the time period)","CHE1"
"66","Switzerland","CHE1",0,999,"Geneva","both",0,"14/05/2020","14/05/2020","exact date available - extract from time series","no",0,0,1,1,"https://covid-19-schweiz.bagapps.ch/fr-1.html","includes deaths in nursing homes (these are broken down for some of the time period)","CHE1"
"67","Switzerland","CHE1",0,999,"Geneva","both",0,"15/05/2020","15/05/2020","exact date available - extract from time series","no",0,0,1,1,"https://covid-19-schweiz.bagapps.ch/fr-1.html","includes deaths in nursing homes (these are broken down for some of the time period)","CHE1"
"68","Switzerland","CHE1",0,999,"Geneva","both",0,"16/05/2020","16/05/2020","exact date available - extract from time series","no",0,0,1,1,"https://covid-19-schweiz.bagapps.ch/fr-1.html","includes deaths in nursing homes (these are broken down for some of the time period)","CHE1"
"69","Switzerland","CHE1",0,999,"Geneva","both",1,"17/05/2020","17/05/2020","exact date available - extract from time series","no",0,0,1,1,"https://covid-19-schweiz.bagapps.ch/fr-1.html","includes deaths in nursing homes (these are broken down for some of the time period)","CHE1"
"70","Switzerland","CHE1",0,999,"Geneva","both",1,"18/05/2020","18/05/2020","exact date available - extract from time series","no",0,0,1,1,"https://covid-19-schweiz.bagapps.ch/fr-1.html","includes deaths in nursing homes (these are broken down for some of the time period)","CHE1"
"71","Switzerland","CHE1",0,999,"Geneva","both",0,"19/05/2020","19/05/2020","exact date available - extract from time series","no",0,0,1,1,"https://covid-19-schweiz.bagapps.ch/fr-1.html","includes deaths in nursing homes (these are broken down for some of the time period)","CHE1"
"72","Switzerland","CHE1",0,999,"Geneva","both",0,"20/05/2020","20/05/2020","exact date available - extract from time series","no",0,0,1,1,"https://covid-19-schweiz.bagapps.ch/fr-1.html","includes deaths in nursing homes (these are broken down for some of the time period)","CHE1"
"73","Switzerland","CHE1",0,999,"Geneva","both",1,"21/05/2020","21/05/2020","exact date available - extract from time series","no",0,0,1,1,"https://covid-19-schweiz.bagapps.ch/fr-1.html","includes deaths in nursing homes (these are broken down for some of the time period)","CHE1"
"74","Switzerland","CHE1",0,999,"Geneva","both",0,"22/05/2020","22/05/2020","exact date available - extract from time series","no",0,0,1,1,"https://covid-19-schweiz.bagapps.ch/fr-1.html","includes deaths in nursing homes (these are broken down for some of the time period)","CHE1"
"75","Switzerland","CHE1",0,999,"Geneva","both",0,"23/05/2020","23/05/2020","exact date available - extract from time series","no",0,0,1,1,"https://covid-19-schweiz.bagapps.ch/fr-1.html","includes deaths in nursing homes (these are broken down for some of the time period)","CHE1"
"76","Switzerland","CHE1",0,999,"Geneva","both",0,"24/05/2020","24/05/2020","exact date available - extract from time series","no",0,0,1,1,"https://covid-19-schweiz.bagapps.ch/fr-1.html","includes deaths in nursing homes (these are broken down for some of the time period)","CHE1"
"77","Switzerland","CHE1",0,999,"Geneva","both",0,"25/05/2020","25/05/2020","exact date available - extract from time series","no",0,0,1,1,"https://covid-19-schweiz.bagapps.ch/fr-1.html","includes deaths in nursing homes (these are broken down for some of the time period)","CHE1"
"78","United Kingdom","GBR1",0,999,"Scotland","both",1,"14/03/2020","14/03/2020","exact date available - extract from time series","no",0,0,1,1,"https://www.gov.scot/publications/coronavirus-covid-19-trends-in-daily-data/",NA,NA
"79","United Kingdom","GBR1",0,999,"Scotland","both",0,"14/03/2020","15/03/2020","exact date available - extract from time series","no",0,0,1,1,"https://www.gov.scot/publications/coronavirus-covid-19-trends-in-daily-data/",NA,NA
"80","United Kingdom","GBR1",0,999,"Scotland","both",0,"14/03/2020","16/03/2020","exact date available - extract from time series","no",0,0,1,1,"https://www.gov.scot/publications/coronavirus-covid-19-trends-in-daily-data/",NA,NA
"81","United Kingdom","GBR1",0,999,"Scotland","both",1,"14/03/2020","17/03/2020","exact date available - extract from time series","no",0,0,1,1,"https://www.gov.scot/publications/coronavirus-covid-19-trends-in-daily-data/",NA,NA
"82","United Kingdom","GBR1",0,999,"Scotland","both",1,"14/03/2020","18/03/2020","exact date available - extract from time series","no",0,0,1,1,"https://www.gov.scot/publications/coronavirus-covid-19-trends-in-daily-data/",NA,NA
"83","United Kingdom","GBR1",0,999,"Scotland","both",3,"14/03/2020","19/03/2020","exact date available - extract from time series","no",0,0,1,1,"https://www.gov.scot/publications/coronavirus-covid-19-trends-in-daily-data/",NA,NA
"84","United Kingdom","GBR1",0,999,"Scotland","both",0,"14/03/2020","20/03/2020","exact date available - extract from time series","no",0,0,1,1,"https://www.gov.scot/publications/coronavirus-covid-19-trends-in-daily-data/",NA,NA
"85","United Kingdom","GBR1",0,999,"Scotland","both",1,"14/03/2020","21/03/2020","exact date available - extract from time series","no",0,0,1,1,"https://www.gov.scot/publications/coronavirus-covid-19-trends-in-daily-data/",NA,NA
"86","United Kingdom","GBR1",0,999,"Scotland","both",3,"14/03/2020","22/03/2020","exact date available - extract from time series","no",0,0,1,1,"https://www.gov.scot/publications/coronavirus-covid-19-trends-in-daily-data/",NA,NA
"87","United Kingdom","GBR1",0,999,"Scotland","both",4,"14/03/2020","23/03/2020","exact date available - extract from time series","no",0,0,1,1,"https://www.gov.scot/publications/coronavirus-covid-19-trends-in-daily-data/",NA,NA
"88","United Kingdom","GBR1",0,999,"Scotland","both",2,"14/03/2020","24/03/2020","exact date available - extract from time series","no",0,0,1,1,"https://www.gov.scot/publications/coronavirus-covid-19-trends-in-daily-data/",NA,NA
"89","United Kingdom","GBR1",0,999,"Scotland","both",6,"14/03/2020","25/03/2020","exact date available - extract from time series","no",0,0,1,1,"https://www.gov.scot/publications/coronavirus-covid-19-trends-in-daily-data/",NA,NA
"90","United Kingdom","GBR1",0,999,"Scotland","both",3,"14/03/2020","26/03/2020","exact date available - extract from time series","no",0,0,1,1,"https://www.gov.scot/publications/coronavirus-covid-19-trends-in-daily-data/",NA,NA
"91","United Kingdom","GBR1",0,999,"Scotland","both",8,"14/03/2020","27/03/2020","exact date available - extract from time series","no",0,0,1,1,"https://www.gov.scot/publications/coronavirus-covid-19-trends-in-daily-data/",NA,NA
"92","United Kingdom","GBR1",0,999,"Scotland","both",7,"14/03/2020","28/03/2020","exact date available - extract from time series","no",0,0,1,1,"https://www.gov.scot/publications/coronavirus-covid-19-trends-in-daily-data/",NA,NA
"93","United Kingdom","GBR1",0,999,"Scotland","both",1,"14/03/2020","29/03/2020","exact date available - extract from time series","no",0,0,1,1,"https://www.gov.scot/publications/coronavirus-covid-19-trends-in-daily-data/",NA,NA
"94","United Kingdom","GBR1",0,999,"Scotland","both",6,"14/03/2020","30/03/2020","exact date available - extract from time series","no",0,0,1,1,"https://www.gov.scot/publications/coronavirus-covid-19-trends-in-daily-data/",NA,NA
"95","United Kingdom","GBR1",0,999,"Scotland","both",22,"14/03/2020","31/03/2020","exact date available - extract from time series","no",0,0,1,1,"https://www.gov.scot/publications/coronavirus-covid-19-trends-in-daily-data/",NA,NA
"96","United Kingdom","GBR1",0,999,"Scotland","both",28,"14/03/2020","01/04/2020","exact date available - extract from time series","no",0,0,1,1,"https://www.gov.scot/publications/coronavirus-covid-19-trends-in-daily-data/",NA,NA
"97","United Kingdom","GBR1",0,999,"Scotland","both",29,"14/03/2020","02/04/2020","exact date available - extract from time series","no",0,0,1,1,"https://www.gov.scot/publications/coronavirus-covid-19-trends-in-daily-data/",NA,NA
"98","United Kingdom","GBR1",0,999,"Scotland","both",46,"14/03/2020","03/04/2020","exact date available - extract from time series","no",0,0,1,1,"https://www.gov.scot/publications/coronavirus-covid-19-trends-in-daily-data/",NA,NA
"99","United Kingdom","GBR1",0,999,"Scotland","both",46,"14/03/2020","04/04/2020","exact date available - extract from time series","no",0,0,1,1,"https://www.gov.scot/publications/coronavirus-covid-19-trends-in-daily-data/",NA,NA
"100","United Kingdom","GBR1",0,999,"Scotland","both",2,"14/03/2020","05/04/2020","exact date available - extract from time series","no",0,0,1,1,"https://www.gov.scot/publications/coronavirus-covid-19-trends-in-daily-data/",NA,NA
"101","United Kingdom","GBR1",0,999,"Scotland","both",2,"14/03/2020","06/04/2020","exact date available - extract from time series","no",0,0,1,1,"https://www.gov.scot/publications/coronavirus-covid-19-trends-in-daily-data/",NA,NA
"102","United Kingdom","GBR1",0,999,"Scotland","both",74,"14/03/2020","07/04/2020","exact date available - extract from time series","no",0,0,1,1,"https://www.gov.scot/publications/coronavirus-covid-19-trends-in-daily-data/",NA,NA
"103","United Kingdom","GBR1",0,999,"Scotland","both",70,"14/03/2020","08/04/2020","exact date available - extract from time series","no",0,0,1,1,"https://www.gov.scot/publications/coronavirus-covid-19-trends-in-daily-data/",NA,NA
"104","United Kingdom","GBR1",0,999,"Scotland","both",81,"14/03/2020","09/04/2020","exact date available - extract from time series","no",0,0,1,1,"https://www.gov.scot/publications/coronavirus-covid-19-trends-in-daily-data/",NA,NA
"105","United Kingdom","GBR1",0,999,"Scotland","both",48,"14/03/2020","10/04/2020","exact date available - extract from time series","no",0,0,1,1,"https://www.gov.scot/publications/coronavirus-covid-19-trends-in-daily-data/",NA,NA
"106","United Kingdom","GBR1",0,999,"Scotland","both",47,"14/03/2020","11/04/2020","exact date available - extract from time series","no",0,0,1,1,"https://www.gov.scot/publications/coronavirus-covid-19-trends-in-daily-data/",NA,NA
"107","United Kingdom","GBR1",0,999,"Scotland","both",24,"14/03/2020","12/04/2020","exact date available - extract from time series","no",0,0,1,1,"https://www.gov.scot/publications/coronavirus-covid-19-trends-in-daily-data/",NA,NA
"108","United Kingdom","GBR1",0,999,"Scotland","both",9,"14/03/2020","13/04/2020","exact date available - extract from time series","no",0,0,1,1,"https://www.gov.scot/publications/coronavirus-covid-19-trends-in-daily-data/",NA,NA
"109","United Kingdom","GBR1",0,999,"Scotland","both",40,"14/03/2020","14/04/2020","exact date available - extract from time series","no",0,0,1,1,"https://www.gov.scot/publications/coronavirus-covid-19-trends-in-daily-data/",NA,NA
"110","United Kingdom","GBR1",0,999,"Scotland","both",84,"14/03/2020","15/04/2020","exact date available - extract from time series","no",0,0,1,1,"https://www.gov.scot/publications/coronavirus-covid-19-trends-in-daily-data/",NA,NA
"111","United Kingdom","GBR1",0,999,"Scotland","both",80,"14/03/2020","16/04/2020","exact date available - extract from time series","no",0,0,1,1,"https://www.gov.scot/publications/coronavirus-covid-19-trends-in-daily-data/",NA,NA
"112","United Kingdom","GBR1",0,999,"Scotland","both",58,"14/03/2020","17/04/2020","exact date available - extract from time series","no",0,0,1,1,"https://www.gov.scot/publications/coronavirus-covid-19-trends-in-daily-data/",NA,NA
"113","United Kingdom","GBR1",0,999,"Scotland","both",56,"14/03/2020","18/04/2020","exact date available - extract from time series","no",0,0,1,1,"https://www.gov.scot/publications/coronavirus-covid-19-trends-in-daily-data/",NA,NA
"114","United Kingdom","GBR1",0,999,"Scotland","both",10,"14/03/2020","19/04/2020","exact date available - extract from time series","no",0,0,1,1,"https://www.gov.scot/publications/coronavirus-covid-19-trends-in-daily-data/",NA,NA
"115","United Kingdom","GBR1",0,999,"Scotland","both",12,"14/03/2020","20/04/2020","exact date available - extract from time series","no",0,0,1,1,"https://www.gov.scot/publications/coronavirus-covid-19-trends-in-daily-data/",NA,NA
"116","United Kingdom","GBR1",0,999,"Scotland","both",70,"14/03/2020","21/04/2020","exact date available - extract from time series","no",0,0,1,1,"https://www.gov.scot/publications/coronavirus-covid-19-trends-in-daily-data/",NA,NA
"117","United Kingdom","GBR1",0,999,"Scotland","both",77,"14/03/2020","22/04/2020","exact date available - extract from time series","no",0,0,1,1,"https://www.gov.scot/publications/coronavirus-covid-19-trends-in-daily-data/",NA,NA
"118","United Kingdom","GBR1",0,999,"Scotland","both",58,"14/03/2020","23/04/2020","exact date available - extract from time series","no",0,0,1,1,"https://www.gov.scot/publications/coronavirus-covid-19-trends-in-daily-data/",NA,NA
"119","United Kingdom","GBR1",0,999,"Scotland","both",64,"14/03/2020","24/04/2020","exact date available - extract from time series","no",0,0,1,1,"https://www.gov.scot/publications/coronavirus-covid-19-trends-in-daily-data/",NA,NA
"120","United Kingdom","GBR1",0,999,"Scotland","both",47,"14/03/2020","25/04/2020","exact date available - extract from time series","no",0,0,1,1,"https://www.gov.scot/publications/coronavirus-covid-19-trends-in-daily-data/",NA,NA
"121","United Kingdom","GBR1",0,999,"Scotland","both",18,"14/03/2020","26/04/2020","exact date available - extract from time series","no",0,0,1,1,"https://www.gov.scot/publications/coronavirus-covid-19-trends-in-daily-data/",NA,NA
"122","United Kingdom","GBR1",0,999,"Scotland","both",13,"14/03/2020","27/04/2020","exact date available - extract from time series","no",0,0,1,1,"https://www.gov.scot/publications/coronavirus-covid-19-trends-in-daily-data/",NA,NA
"123","United Kingdom","GBR1",0,999,"Scotland","both",70,"14/03/2020","28/04/2020","exact date available - extract from time series","no",0,0,1,1,"https://www.gov.scot/publications/coronavirus-covid-19-trends-in-daily-data/",NA,NA
"124","United Kingdom","GBR1",0,999,"Scotland","both",83,"14/03/2020","29/04/2020","exact date available - extract from time series","no",0,0,1,1,"https://www.gov.scot/publications/coronavirus-covid-19-trends-in-daily-data/",NA,NA
"125","United Kingdom","GBR1",0,999,"Scotland","both",60,"14/03/2020","30/04/2020","exact date available - extract from time series","no",0,0,1,1,"https://www.gov.scot/publications/coronavirus-covid-19-trends-in-daily-data/",NA,NA
"126","United Kingdom","GBR1",0,999,"Scotland","both",40,"14/03/2020","01/05/2020","exact date available - extract from time series","no",0,0,1,1,"https://www.gov.scot/publications/coronavirus-covid-19-trends-in-daily-data/",NA,NA
"127","United Kingdom","GBR1",0,999,"Scotland","both",44,"14/03/2020","02/05/2020","exact date available - extract from time series","no",0,0,1,1,"https://www.gov.scot/publications/coronavirus-covid-19-trends-in-daily-data/",NA,NA
"128","United Kingdom","GBR1",0,999,"Scotland","both",12,"14/03/2020","03/05/2020","exact date available - extract from time series","no",0,0,1,1,"https://www.gov.scot/publications/coronavirus-covid-19-trends-in-daily-data/",NA,NA
"129","United Kingdom","GBR1",0,999,"Scotland","both",5,"14/03/2020","04/05/2020","exact date available - extract from time series","no",0,0,1,1,"https://www.gov.scot/publications/coronavirus-covid-19-trends-in-daily-data/",NA,NA
"130","United Kingdom","GBR1",0,999,"Scotland","both",44,"14/03/2020","05/05/2020","exact date available - extract from time series","no",0,0,1,1,"https://www.gov.scot/publications/coronavirus-covid-19-trends-in-daily-data/",NA,NA
"131","United Kingdom","GBR1",0,999,"Scotland","both",83,"14/03/2020","06/05/2020","exact date available - extract from time series","no",0,0,1,1,"https://www.gov.scot/publications/coronavirus-covid-19-trends-in-daily-data/",NA,NA
"132","United Kingdom","GBR1",0,999,"Scotland","both",59,"14/03/2020","07/05/2020","exact date available - extract from time series","no",0,0,1,1,"https://www.gov.scot/publications/coronavirus-covid-19-trends-in-daily-data/",NA,NA
"133","United Kingdom","GBR1",0,999,"Scotland","both",49,"14/03/2020","08/05/2020","exact date available - extract from time series","no",0,0,1,1,"https://www.gov.scot/publications/coronavirus-covid-19-trends-in-daily-data/",NA,NA
"134","United Kingdom","GBR1",0,999,"Scotland","both",36,"14/03/2020","09/05/2020","exact date available - extract from time series","no",0,0,1,1,"https://www.gov.scot/publications/coronavirus-covid-19-trends-in-daily-data/",NA,NA
"135","United Kingdom","GBR1",0,999,"Scotland","both",10,"14/03/2020","10/05/2020","exact date available - extract from time series","no",0,0,1,1,"https://www.gov.scot/publications/coronavirus-covid-19-trends-in-daily-data/",NA,NA
"136","United Kingdom","GBR1",0,999,"Scotland","both",5,"14/03/2020","11/05/2020","exact date available - extract from time series","no",0,0,1,1,"https://www.gov.scot/publications/coronavirus-covid-19-trends-in-daily-data/",NA,NA
"137","United Kingdom","GBR1",0,999,"Scotland","both",50,"14/03/2020","12/05/2020","exact date available - extract from time series","no",0,0,1,1,"https://www.gov.scot/publications/coronavirus-covid-19-trends-in-daily-data/",NA,NA
"138","United Kingdom","GBR1",0,999,"Scotland","both",61,"14/03/2020","13/05/2020","exact date available - extract from time series","no",0,0,1,1,"https://www.gov.scot/publications/coronavirus-covid-19-trends-in-daily-data/",NA,NA
"139","United Kingdom","GBR1",0,999,"Scotland","both",34,"14/03/2020","14/05/2020","exact date available - extract from time series","no",0,0,1,1,"https://www.gov.scot/publications/coronavirus-covid-19-trends-in-daily-data/",NA,NA
"140","United Kingdom","GBR1",0,999,"Scotland","both",46,"14/03/2020","15/05/2020","exact date available - extract from time series","no",0,0,1,1,"https://www.gov.scot/publications/coronavirus-covid-19-trends-in-daily-data/",NA,NA
"141","United Kingdom","GBR1",0,999,"Scotland","both",41,"14/03/2020","16/05/2020","exact date available - extract from time series","no",0,0,1,1,"https://www.gov.scot/publications/coronavirus-covid-19-trends-in-daily-data/",NA,NA
"142","United Kingdom","GBR1",0,999,"Scotland","both",9,"14/03/2020","17/05/2020","exact date available - extract from time series","no",0,0,1,1,"https://www.gov.scot/publications/coronavirus-covid-19-trends-in-daily-data/",NA,NA
"143","United Kingdom","GBR1",0,999,"Scotland","both",2,"14/03/2020","18/05/2020","exact date available - extract from time series","no",0,0,1,1,"https://www.gov.scot/publications/coronavirus-covid-19-trends-in-daily-data/",NA,NA
"144","United Kingdom","GBR1",0,999,"Scotland","both",29,"14/03/2020","19/05/2020","exact date available - extract from time series","no",0,0,1,1,"https://www.gov.scot/publications/coronavirus-covid-19-trends-in-daily-data/",NA,NA
"145","United Kingdom","GBR1",0,999,"Scotland","both",50,"14/03/2020","20/05/2020","exact date available - extract from time series","no",0,0,1,1,"https://www.gov.scot/publications/coronavirus-covid-19-trends-in-daily-data/",NA,NA
"146","United Kingdom","GBR1",0,999,"Scotland","both",37,"14/03/2020","21/05/2020","exact date available - extract from time series","no",0,0,1,1,"https://www.gov.scot/publications/coronavirus-covid-19-trends-in-daily-data/",NA,NA
"147","United Kingdom","GBR1",0,999,"Scotland","both",24,"14/03/2020","22/05/2020","exact date available - extract from time series","no",0,0,1,1,"https://www.gov.scot/publications/coronavirus-covid-19-trends-in-daily-data/",NA,NA
"148","United Kingdom","GBR1",0,999,"Scotland","both",16,"14/03/2020","23/05/2020","exact date available - extract from time series","no",0,0,1,1,"https://www.gov.scot/publications/coronavirus-covid-19-trends-in-daily-data/",NA,NA
"149","United Kingdom","GBR1",0,999,"Scotland","both",9,"14/03/2020","24/05/2020","exact date available - extract from time series","no",0,0,1,1,"https://www.gov.scot/publications/coronavirus-covid-19-trends-in-daily-data/",NA,NA
"150","United Kingdom","GBR1",0,999,"Scotland","both",3,"14/03/2020","25/05/2020","exact date available - extract from time series","no",0,0,1,1,"https://www.gov.scot/publications/coronavirus-covid-19-trends-in-daily-data/",NA,NA
"151","United Kingdom","GBR1",0,999,"Scotland","both",18,"14/03/2020","26/05/2020","exact date available - extract from time series","no",0,0,1,1,"https://www.gov.scot/publications/coronavirus-covid-19-trends-in-daily-data/",NA,NA
"152","United Kingdom","GBR1",0,999,"Scotland","both",13,"14/03/2020","27/05/2020","exact date available - extract from time series","no",0,0,1,1,"https://www.gov.scot/publications/coronavirus-covid-19-trends-in-daily-data/",NA,NA
"153","United Kingdom","GBR1",0,999,"Scotland","both",12,"14/03/2020","28/05/2020","exact date available - extract from time series","no",0,0,1,1,"https://www.gov.scot/publications/coronavirus-covid-19-trends-in-daily-data/",NA,NA
"154","United Kingdom","GBR1",0,999,"Scotland","both",15,"14/03/2020","29/05/2020","exact date available - extract from time series","no",0,0,1,1,"https://www.gov.scot/publications/coronavirus-covid-19-trends-in-daily-data/",NA,NA
"155","United Kingdom","GBR1",0,999,"Scotland","both",22,"14/03/2020","30/05/2020","exact date available - extract from time series","no",0,0,1,1,"https://www.gov.scot/publications/coronavirus-covid-19-trends-in-daily-data/",NA,NA
"156","United Kingdom","GBR1",0,999,"Scotland","both",9,"14/03/2020","31/05/2020","exact date available - extract from time series","no",0,0,1,1,"https://www.gov.scot/publications/coronavirus-covid-19-trends-in-daily-data/",NA,NA
"157","United Kingdom","GBR1",0,999,"Scotland","both",1,"14/03/2020","01/06/2020","exact date available - extract from time series","no",0,0,1,1,"https://www.gov.scot/publications/coronavirus-covid-19-trends-in-daily-data/",NA,NA
"158","United Kingdom","GBR1",0,999,"Scotland","both",12,"14/03/2020","02/06/2020","exact date available - extract from time series","no",0,0,1,1,"https://www.gov.scot/publications/coronavirus-covid-19-trends-in-daily-data/",NA,NA
"159","United Kingdom","GBR1",0,999,"Scotland","both",11,"14/03/2020","03/06/2020","exact date available - extract from time series","no",0,0,1,1,"https://www.gov.scot/publications/coronavirus-covid-19-trends-in-daily-data/",NA,NA
